address,lat,lon
163 N 300 W,37.1088441,-113.5897045
"710 North 1300  East  St.George UT, 84770",37.1196234,-113.5552634
1111 W Black Mountain DR,,
2610 Pioneer Road,37.0634233,-113.587355
170 S street/1470 E Street,,
2970 W Lesina Heights DR,,
929 E Factory DR,37.0329055,-113.5663392
1272 W HUMMINGBIRD DR,,
2293 E PANORAMA PKWY,37.1210673,-113.5376137
6258 S Rock Rose DR,,
2356 E 130 N,37.1104913,-113.533431
350 W MAN O WAR RD,37.0521793,-113.5945403
496 N 1300 E ST,37.1176387,-113.5565424
1250 W Sunset BLVD UNIT A,,
2739 W Lugano WAY,,
51 N 660 W ST,,
1800 N St,37.1392872,-113.6333599
433 E Brigham RD,37.0576158,-113.5771385
4616 S Pioneer RD,,
5882 S Delorian LN,,
4291 E CARRERA WAY,,
301 S 1200 E #103,37.103863,-113.557841
5848 S LANSKY DR,,
1346 E HONEYCOMB CT,,
705 E 1100 S ST,37.0895934,-113.5609325
2969 W Varese WAY,,
1291 S 2580 E ST,37.0913068,-113.5313449
2240 W Sunbrook DR UNIT 6,,
520 Par 3 CIR,37.0702391,-113.5943811
1992 E Honeycomb DR,,
875 Rio Virgin Dr #126,,
888 W Camello LN,37.0020836,-113.6020311
892 W Camello LN,37.0020836,-113.6020311
896 W Camello LN,37.0020836,-113.6020311
900 W Camello LN,37.0020836,-113.6020311
904 W Camello LN,37.0020836,-113.6020311
2115 E Tawny Ridge DR,,
2671 E Rosedale DR,,
2655 E Rosedale DR,,
75 W 700 S,37.0962639,-113.566432
1083 S Quarb LN,,
1087 S Quarb LN,,
1079 S Quarb LN,,
473 N 2360 E ST,37.1165464,-113.5338082
1079 - 1091 S QUARB LN,,
1084 S Criollo LN,,
1088 S Criollo LN,,
5922 S White Rim CT,,
1091 S Quarb LN,,
32 S 1250 W ST,,
917 E Fort Pierce DR,37.074434,-113.5646674
3131 S 3170 E ST,37.0551522,-113.518332
1582 W GARNET RIDGE DR,37.0204473,-113.6166698
5017 S MOSAIC DR,37.0224149,-113.6174824
265 N DIXIE DR #34,,
1410 W 625 N ST,,
1055 E 900 S ST UNIT 13,,
1080 - 1092 S Criollo LN,,
1067 S Quarb LN,,
3503 E 2890 S ST,37.0592021,-113.5143809
1078 - 1090 S Quarb LN,,
2970 W Varese WAY,,
3171 E 2080 S ST,,
1059 - 1071 Quarb LN,,
1059 S Quarb LN,,
1063 S Quarb LN,,
1071 S Quarb LN,,
3012 W BOLSENA TRAIL,,
1090 S QUARB LN,,
1082 S QUARB LN,,
1078 S QUARB LN,,
1092 S Criollo LN,,
1080 S Criollo LN,,
5955 S Foothill Ridge DR,,
1151 E Hubbard PL,37.0725257,-113.5589797
1086 S QUARB LN,,
1093 S CRIOLLO LN,,
2669 E 3200 S ST,37.0541958,-113.5288691
707 N 950 W ST,,
1060 - 1068 Crillo LN,,
1621 S Flatrock Rd,,
1119 S CRIOLLO LN,,
1103 S CRIOLLO LN,,
6215 S Jakku LN,37.0017519,-113.5219131
1087 S CRIOLLO LN,,
1081 S CRIOLLO LN,,
1075 S CRIOLLO LN,,
491 W EMERALD POINT DR,,
6318 S Malachite CV,,
302 S Divario Canyon DR BLDG F,,
188 S RIVER RD,37.1017898,-113.5556595
1880 S 3210 East,37.0775007,-113.5177499
TBD West end of Black Mountain Drive,,
3260 E. Deseret Dr.,37.1167396,-113.5181654
1036 E MCKINLEY WAY,37.0732508,-113.562249
4137 S River Road,,
2531 E 1240 S CIR,37.086988,-113.5320007
1974 Rain Lilly Circle,,
1060 S Criollo LN,,
1064 S Criollo LN,,
1068 S Criollo LN,,
516 E Cedar Hill DR,37.0008812,-113.5958991
723 N Northstar DR,37.1181617,-113.6267233
2414 E 3670 S ST,37.0458672,-113.5341793
1072 S Criollo LN,,
1664 S Dixie Drive,37.0754774,-113.5869454
Anasazi Trail & Supai Trail,,
2169 S CARABINER WAY,37.0706344,-113.6208048
"234 E 500 S, St. George, UT",37.0997152,-113.5858613
2359 Apparation Ct.,37.0693213,-113.5658132
Lot 218 Fort Pierce Business Park,,
706 N 2200 E ST,37.1208139,-113.5365984
255 S 100 W ST,,
3039 E 2170 S ST,37.0713662,-113.5146129
4782 N Limber Pine DR,,
634 E Concord WY,37.0940859,-113.5705071
801 S Bluff ST STE A45,,
801 S Bluff ST STE A60,,
801 S Bluff ST STE A70,,
521 S ALBA DR,37.0992963,-113.6287471
298 S EAST RIDGE DR,37.0447537,-113.5712082
1165 E 900 S ST,,
801 S Bluff ST STE A85,,
801 S Bluff ST STE A80,,
1118 W BLACK MOUNTAIN DR,,
3070 E Seegmiller RD,,
3030 E Panther Way,,
"160 N 900 E ST , ST GEORGE UTAH",37.1110376,-113.5642081
"Lot 135, Progressive Drive",37.0319651,-113.5731057
2776 W PIATTO WAY,37.0993307,-113.6421467
2082 W 975 N ST,,
3035 E ANDALUSIAN LN,,
3039 E ANDALUSIAN LN,,
3047 E ANDALUSIAN LN,,
3053 E ANDALUSIAN LN,,
250 E 700 S ST,37.0962639,-113.566432
520 S Martignano WAY,37.0998656,-113.6404472
2994 W VARESE WAY,,
2993 W VARESE WAY,,
5911 S FOOTHILL RIDGE DR,,
2789 S Emily LN,,
3513 S Sugar Leo Rd - Pool,,
1289 W HAGEN CIR,,
4283 E CARRERA WAY,,
1160 W Junipero Serra Dr,,
917 E Fort Pierce Dr,37.074434,-113.5646674
911 S Willowbend DR,,
909 S Willowbend DR,,
905 S Willowbend DR,,
905 - 911 Willowbend DR,,
907 S Willowbend DR,,
678 S MOLVENO TRL,,
6255 S Irontree DR,,
2721 W Brenta WAY,37.0966608,-113.6401687
205 E 200 N ST,,
3081 W PLATANI TRL,,
TBD - Black Mountain Drive,,
1094 W Albertine LN,37.0732275,-113.6069114
1106 W Albertine LN,,
1102 W Albertine LN,37.0732275,-113.6069114
1098 W Albertine LN,37.0732275,-113.6069114
977 N Grand Teton LN,,
1090 W Albertine LN,37.0732275,-113.6069114
1090 - 1106 W Albertine LN,,
4907 N Alger Hollow LN,,
1443 W 320 N ST,37.1138404,-113.6135006
5096 N Long Sky DR,37.1973805,-113.6332887
723 N 1000 W ST,37.1209696,-113.6049632
TBD-Desert Color Parkway,,
"750 North 3050 East Street, St. George, Utah",,
3053 E BANDED HILLS DR,37.0459462,-113.5187786
2600 E Rosedale Dr,,
3357 S Fairway RD,,
1806 N DIXIE DOWNS RD #29,37.1411803,-113.6222159
2962 E CARMINE DR,37.0518175,-113.5236118
411 W 600 N ST,,
4009 S 2420 E ST,37.039691,-113.5350027
3022 E SHETLAND LN,,
2959 E ROWAN LN,,
6130 S Deserts Edge Dr,,
3048 E SHETLAND LN,,
3044 E SHETLAND LN,,
3040 E SHETLAND LN,,
3036 E SHETLAND LN,,
3032 E SHETLAND LN,,
3028 E SHETLAND LN,,
3028 -  3048 E SHETLAND LN,,
3024 E SHETLAND LN,,
3012 - 3024 E SHETLAND LN,,
3018 E SHETLAND LN,,
3014 E SHETLAND LN,,
3012 E SHETLAND LN,,
680 S Cecita WAY,37.0998703,-113.6453866
664 S Cecita WAY,37.0998703,-113.6453866
3076 W Orco LN,,
3375 E 2170 S ST,37.071416,-113.5144314
1026 S High Mesa CIR,37.0903537,-113.547646
648 S Cecita WAY,37.0998703,-113.6453866
3016 E SHETLAND LN,,
2992 W Orco LN,,
2733 W Piatto WAY,37.0993307,-113.6421467
506 S Martignano WAY,37.0998656,-113.6404472
1961 S 2530 E St,37.0746893,-113.5321498
150 S 400 E,37.1057896,-113.5960659
977 N Grand Teton Ln,,
1884 N CENTENNIAL DR,37.1408094,-113.635424
2329 S AUGUSTA DR,,
1069 S CRIOLLO LN,,
55 E 700 S ST UNIT 3,,
476 S Maggiore TRL,37.1002723,-113.6411165
1063 S CRIOLLO LN,,
1041 S CRIOLLO LN,,
1035 S CRIOLLO LN,,
1027 S CRIOLLO LN,,
929 W Sunset BLVD UNIT 1C,,
3087 W BOLSENA TRL,,
1389 E White Bluff DR,,
1055 S CRIOLLO LN,,
3051 E APPALOOSA LN,,
1717 W 680 S ST,37.0965491,-113.6196781
2953 E 3110 S ST,37.0556242,-113.5235862
494 W Avery LN,,
991 N. Grand Heights DR,37.1233706,-113.552501
3000 W Nemi LN,37.1060258,-113.6466112
1681 E Talus Way,37.0741101,-113.5487231
3073 Honey Locust CIR,37.0533831,-113.5576342
3045 E APPALOOSA LN,,
3037 E APPALOOSA LN,,
3033 E APPALOOSA LN,,
5414 N JOHNSON ARCH DR,37.20259,-113.6151869
"142 E 500 S, #4",,
4616 S Pioneer Road,,
2390 S DOVER WAY,37.0670057,-113.6042677
1731 S Convention Center Dr,37.0783579,-113.5823435
3584 S Turin LN,37.0473679,-113.5816648
3642 S Innsbruck LN,,
4610 S SIESTA DR,,
3012 Sugar Leo RD,37.0564521,-113.5955689
2777 S 3330 E ST,37.0603835,-113.5150275
2880 E 150 N ST,37.0559971,-113.5258435
3618 S Innsbruck LN,,
Fort Pierce Lot 205,37.0746519,-113.5537381
1382 E Foremaster DR,37.0962116,-113.552775
2627 S 2350 E ST,37.0641204,-113.535599
38 E Dakar Ln,37.0472698,-113.5829358
3595 S Turin LN,,
3052 N Snow Canyon PKWY UNIT 128,,
6207 S Matrix CIR,,
210 N MALL DR #115,37.1050466,-113.5416871
2321 W Courtyard DR,,
6268 S Rock Rose DR,,
5665 S WEEHAWKEN LN,,
1405 E EGRET DR,37.0364568,-113.6046832
1751 W Bonita Bay Dr,37.0231716,-113.6225608
4747 N SCORIA DR,,
2362 E SIEGEL LN,,
2380 E SIEGEL LN,,
2392 E SIEGEL LN,,
1059 S PIONEER HEIGHTS RD,37.0911799,-113.5485434
1173 W Snow Canyon Pkwy Unit 51,,
1401 E EGRET DR,37.0364568,-113.6046832
4443 S River RD STE 100,,
1397 E EGRET DR,,
642 W Saratoga Dr,,
2992 W LESINA HEIGHTS DR,,
2056 East Middleton Dr #41,37.1235164,-113.5410011
1393 - 1405 E Egret DR,,
1450 N Dixie Downs Rd #138,37.1324294,-113.623723
1393 E EGRET DR,,
639 S Mall DR,37.1050466,-113.5416871
4550 S Airport Parkway SGU hanger 56J,,
502 W Avery LN,,
3590 E 2930 S ST,37.0584584,-113.5200327
3422 E 2890 S ST,37.0592021,-113.5143809
5669 S WEEHAWKEN LN,,
915 N 1080 E ST BLDG B,,
1052 - 1074 S Quarb Ln,,
5677 S WEEHAWKEN LN,,
5673 S WEEHAWKEN LN,,
161 West 950 South #E12,,
361 W 500 N ST UNIT 2,,
1074 S QUARB LN,,
875 Rio Virgin Unit 255,,
984 W 4100 S ST,,
2157 S Carabiner WAY,,
1052 S QUARB LN,,
1056 S QUARB LN,,
1066 S QUARB LN,,
1070 S Quarb Ln,,
1210 W INDIAN HILLS DR UNIT 35,,
1062 S QUARB LN,,
2882 W INDIAN PEAKS CIR,,
3016 E Seegmiller DR,37.0612277,-113.5216582
2672 E SUNIVA WAY,,
6115 - 6121 S Cygnus DR,,
6121 S Cygnus DR,,
6119 S Cygnus DR,,
6117 S Cygnus DR,,
6115 S Cygnus DR,,
726 S Tech Ridge PKWY,37.1005328,-113.5937555
2132 W 1140 N ST,37.1281427,-113.628844
2775 E Rowan LN,,
2634 E Cedar Post LN,,
1779 S Point DR,37.0777114,-113.5574253
2158 W RIVERS EDGE LN,37.1080192,-113.6293177
2711 S 2460 E ST,,
2788 S 2880 E ST,37.0567754,-113.5272635
2886 E Rowan LN,,
448 S Tech Ridge Pkwy,37.1005314,-113.5936723
4012 S River RD UNIT 2F,,
2127 W Rivers Edge LN,37.1076058,-113.6288074
4333 S ASPEN GLOW DR,,
97 N 2710 E CIR,,
4890 S MORANE MANOR DR,,
2184 W AZZURRO CIR,37.0997223,-113.6295428
759 N DUSK DR,37.121241,-113.6273839
1930 W 350 N ST,37.1144506,-113.6249156
2391 Stone Crest Circle,37.0822008,-113.5354963
495 S Martignano WY,37.0998656,-113.6404472
3421 E 2890 S ST,37.0592021,-113.5143809
5926 S White Rim CT,,
1192 W Doonbeg DR,,
484 N Mall Dr,37.1025697,-113.5399584
2391 Stone Crest CIR,37.0822008,-113.5354963
Intersection of London Lane & Rio Road,,
2369 E Siegel Ln,,
Brigham Road - West of City Re-Use Center,,
416 W DAMASCUS DR,,
860 S VILLAGE RD UNIT P9,,
183 N MONTEREY DR,37.1112938,-113.6322012
922 E BRIGHAM RD UNIT 2C,,
3538 E RED PINE WAY,,
2757 E 3630 S ST,37.0464944,-113.5280402
4808 S Trademark DR STE 1,,
5836 S Lansky DR,,
876 W Camello LN,37.0020836,-113.6020311
868 W Camello LN,37.0020836,-113.6020311
862 W Camello LN,37.0020836,-113.6020311
854 W Camello LN,37.0020836,-113.6020311
854 - 880 W Camello LN,37.0020836,-113.6020311
2627 E 2450 S ST,37.066968,-113.5263118
1140 S 3000 E,37.0901297,-113.5225395
880 W Camello LN,37.0020836,-113.6020311
1942 N Serenity DR,37.1418982,-113.6370278
2397 S 1100 W ST,,
1422 E TAMARISK DR,37.0572622,-113.5530154
1186 E 900 S ST UNIT 17,,
2029 W Rising Sun DR,37.197444,-113.627589
2473 N La Casa CIR,37.1515611,-113.6313571
2156 S Rappel WAY,37.0713376,-113.619554
2552 W Sinagua TRL,37.1565813,-113.6372088
966 W Boxthorn DR,,
926 W Boxthorn DR,,
2259 Mountain View CIR,,
1095 S Carolina Marsh LN,,
2023 W 975 N ST,37.12504,-113.626859
5295 N Hidden Pinyon DR,37.2009261,-113.6131004
1696 Howard LN,37.0896509,-113.547513
1089 S Carolina Marsh LN,,
1077 S CAROLINA MARSH LN,,
1077 - 1095 S Carolina Marsh LN,,
2476 E Mountain Ledge Dr,37.0588228,-113.5363059
1085 S Carolina Marsh LN,,
3220 S 2150 E ST,,
1205 Willow DR,37.0530167,-113.5552642
2982 W Varese WAY,,
5944 S White Rim CT,,
2050 S Grandiflora RD,,
4621 S Wallace CIR,,
"4332 ENTERPRISE DR SAINT GEORGE, UT 84790",,
4292 E TRIUMPH WAY,,
621 N Daybreak DR,37.1188633,-113.6251919
1552 W FISH ROCK ROAD,37.1925685,-113.6175427
2889 E 2930 S ST,37.0578507,-113.5608889
518 S Eastridge Dr,37.1077635,-113.5512149
2376 N Kiva Trl,37.1488438,-113.6469119
1767 W Garnet Ridge Dr,37.0213502,-113.6206419
2731 S Tonaquint DR,37.0685754,-113.6053069
2568 E 2220 S St,37.0617079,-113.5383738
2315 S Crimson Cliffs WY,37.0706203,-113.5062501
1082 S 620 E ST,37.1188296,-113.5394121
801 S Bluff ST STE B70,,
3060 E 2170 S ST,,
2635 E Cultivator DR,,
1697 Phoenix DR,37.0933116,-113.620529
952 W Black Mountain DR,37.0226225,-113.6053135
1712 S 1380 W,37.0784841,-113.612427
4941 N Long Sky DR,37.1973805,-113.6332887
39 N Valley View Dr #30,,
2018 E WESTCLIFF DR,37.0571777,-113.5424866
3622 S LUPIN WAY,,
1603 S Agate CIR,37.0807767,-113.5340084
1683 W 3600 S ST,37.0469784,-113.6198802
2192 S 3010 E ST,,
2770 W Becco TRL,,
2768 W Becco TRL,,
2764 W Becco TRL,,
2760 W Becco TRL,,
145 Crystal Lakes Dr,37.1069508,-113.6280146
2025 E White Dome DR,37.0062904,-113.5473886
3498 S 2640 E ST,37.0487002,-113.5302381
2628 E Rosedale DR,,
1566 W WOODSVIEW LN,37.0997874,-113.6166412
482 S Maggiore TRL,37.1002723,-113.6411165
1329 W 490 N ST,37.1167986,-113.6118045
2689 W Trasimeno DR,37.0986666,-113.6412667
626 S Savio DR,,
2760 - 2770 W Becco TRL,,
1087 W DOONBEG DR,,
2869 E ASHWOOD LN,,
2625 E SUNIVA WAY,,
1427 E White Bluff DR,,
394 S Liri TRL,,
1986 W MONROE ST,37.1268374,-113.6268279
"4550 S Airport Pkwy #E, St. George, UT 84790",,
944 W BLOOMINGTON DR,37.052151,-113.6041607
2287 E 3350 S,37.0542627,-113.5145558
385 W BRIGHAM RD #15,37.0595691,-113.5838298
3541 E Banded Hills DR UNIT 104,,
875 N 2720 E ST STE D,,
2160 Chaco Trail,37.1459993,-113.6386389
714 S Alcantara CIR,,
798 S Walker WAY,37.0929988,-113.5997757
2629 W. SHOSHONI TRAIL,,
827 W SAVOY LN,,
1413 E WHITE BLUFF DR,,
4297 E Shelby LN,,
877 S WILLOWBEND DR,,
881 S WILLOWBEND DR,,
883 S WILLOWBEND DR,,
887 S WILLOWBEND DR,,
5954 S Foothill Ridge DR,,
4782 S Wallace DR,,
6292 S Aventurine CV,,
"887 S WILLOWBEND DR, 883 S WILLOWBEND DR,  881 S WILLOWBEND DR, 877 S WILLOWBEND DR",,
2832 W. SHOSHONI TRAIL,,
1664 S Dixie DR UNIT M103,,
1788 W 680 S ST,37.0966904,-113.6215067
2069 E Tagans WAY,,
1380 E Medical Center DR,37.0997445,-113.5501652
2127 E Circle Ridge DR,37.0577443,-113.5415719
6126 Beechwood DR,37.0047291,-113.5978707
5840 S Lansky DR,,
3677 E. Ashbury DR,,
4700 S Desert Color PKWY,37.0205314,-113.6019429
5310 S Blue Pearl Aly,,
352 E Riverside Dr Unit C1,,
6211 S Matrix CIR,,
2234 E 440 N CIR,,
1064 W Desert Sparrow DR,37.0371327,-113.6058399
3682 S SANTA ANITA DR,,
TBD-3000 East,,
5565 S Painted Ridge Pkwy,37.0078311,-113.6043814
646 N 2450 E ST 20,37.0668454,-113.5354849
1303 W. 2440 S ST,,
3093 S Nashua RD,,
2041 Vista CT,37.0734809,-113.5666783
2223 S Shellee Dr,37.0737383,-113.5521902
55 E 700 S ST UNIT 6,,
2398 E 480 N Cir,37.1164102,-113.5327638
106 E MILAN LN,,
1587 W Whitestone DR,37.0194588,-113.6168471
210 N Mall Dr Apt #115,,
1266 N 1650 W ST,37.1298405,-113.6191419
1173 W SNOW CANYON PKWY UNIT 3,,
3042 W BOLSENA TRL,,
946 S Willowbend DR,,
2255 N TUWEAP DR UNIT 49,37.1471688,-113.6293826
2663 E SUNIVA WAY,,
2085 N TUWEAP DR #38,37.1471688,-113.6293826
6117 S WHITE TRAILS DR,37.0059859,-113.5552133
973 W Somera DR,,
863 W SOMERA DR,,
3157 Deseret DR,37.1168999,-113.5196555
2736 E Cliff Shadow Dr,37.0419011,-113.5259862
948 S Willowbend DR,,
952 S Willowbend DR,,
956 S Willowbend DR,,
962 S Willowbend DR,,
968 S Willowbend DR,,
3066 W PLATANI TRL,,
2636 E Cultivator Dr,,
2462 S 2780 E ST,37.0759807,-113.5268351
3592 S TURIN LN,,
3599 S Turin LN,37.0473679,-113.5816648
6087 S WHITE TRAILS DR,37.0059859,-113.5552133
2939 E Mall Dr STE 150,,
946 - 968 S Willowbend DR,,
TBD 930 W 5000 S,,
Trademark Drive,,
2194 E 575 N,37.1181241,-113.5373811
1180 W Fandango CIR,,
2922 E 1190 S ST,37.0877014,-113.5257249
1019 S CRIOLLO LN,,
873 S Willowbend DR,,
869 S Willowbend DR,,
1298 E Hayrocks DR,37.0065326,-113.5535288
1449 E White Bluff DR,,
1402 E Hayrocks DR,37.0065326,-113.5535288
2908 W BLACKHAWK RIDGE CIR,,
96 E London LN,37.0458531,-113.5804722
1432 E Hayrocks DR,37.0065326,-113.5535288
5967 S Foothill Ridge DR,,
5989 S Foothill Ridge DR,,
2854 E Overlook DR,37.1133823,-113.524419
1552 E 1850 S ST,37.0761562,-113.5510124
4582 S Pioneer Rd,,
3224 S Walnut Canyon DR.,,
3202 S Walnut Canyon DR,,
2234 S 2100 E,37.0699588,-113.540752
951 S River Road,37.0133522,-113.5643388
Gap Wash,,
3170 S Tallow Tree DR,37.0518929,-113.5115653
2890 W INDIAN PEAKS CIR,,
801 S Bluff St STE B60,,
4798 S Desert Color PKWY,37.0205314,-113.6019429
665 S Cecita WAY,37.0998703,-113.6453866
3079 W Orco LN,,
3063 W Orco Ln,,
3112 E 2170 S ST,37.0713662,-113.5146129
603 W Belmont DR,37.0468981,-113.5942861
Canyon View Drive at Ostler Way,,
3004 W Orco LN,,
3531 E 2890 S ST,37.0592021,-113.5143809
1136 W 560 N,37.1180727,-113.6075546
1395 E White Bluff DR,,
3132 E Summit View LN,,
1235 W Desert Sparrow CIR,37.0372942,-113.6092875
4442 S Round Hill DR,,
199 W 2025 S Cir Unit 69,,
1795 Snow Canyon Parkway 3,37.1336585,-113.6059294
166 S MAIN ST,37.1147892,-113.5832452
1016 W Canyon Tree DR,37.1942965,-113.6201686
2393 E SIEGEL LN,,
709 - 719 W Vista Sur LN,,
719 W Vista Sur LN,,
717 W Vista Sur LN,,
715 W Vista Sur LN,,
713 W Vista Sur LN,,
711 W Vista Sur LN,,
709 W Vista Sur LN,,
3674 Pomegranate WY,37.0458689,-113.609234
646 N 2450 E ST UNIT 1,,
350 East 700 South,37.0962398,-113.5759254
524 S INDIAN HILLS DR UNIT 8,,
2686 E 2220 S St,37.0705037,-113.53213
4279 E CARRERA WAY,,
1236 W 540 N ST,37.1175157,-113.6099149
385 S  Five Sisters DR,37.1026768,-113.5453396
798 S 900 E,37.0940901,-113.5645729
265 N Dixie DR 35,,
3027 E Rimrunner DR,37.0011828,-113.5106866
2477 E 1190 S CIR,37.0878151,-113.5325214
545 E Alabaster CIR,,
856 W CRYSTAL CIR,,
946 W Sunset Blvd Suite G,,
6209 S Tracer CT,,
616 N 2330 E,37.1191124,-113.5338285
776 E ALABASTER RD,,
3172 E Deseret DR S,,
Approx: Alabaster Circle and Commerce Drive,,
4460 S Commerce Dr,37.0306751,-113.5715743
2911 E Rowan LN,,
2734 E 3630 S ST,37.0463277,-113.5284523
851 - 861 S WILLOWBEND DR,,
851 S WILLOWBEND DR,,
855 S WILLOWBEND DR,,
857 S WILLOWBEND DR,,
3382 S 2150 E ST,37.053305,-113.539851
545 S VALLEY VIEW DR UNIT 10,,
861 S WILLOWBEND DR,,
860 S VILLAGE RD #O-10,,
544 S 100 W ST 6,37.1752342,-113.2899949
4520 S IRONWOOD DR,,
3215 E RED CEDAR DR,37.0578108,-113.5173572
2685 E Cedar Post LN,,
1120 N 2000 W,37.1275589,-113.6264835
1210 W Indian Hills DR #35,,
3255 S 2150 E ST,,
1515 W GRAPEVINE DR,,
1484 W Sunset BLVD,37.1227949,-113.6157837
1559 S RIVER RD UNIT 1,,
1839 Canyon View Dr Unit 202,,
1472 W Sunset Blvd,37.1228284,-113.6154982
Desert Canyons Pkwy at Flowers Way,,
1019 S Criollo LN,,
1305 E Riverside Dr Unit 18,,
2797 S Grass Valley Dr,37.0616114,-113.5317566
971 W Bloomington Dr,37.050606,-113.605317
301 S 1200 E UNIT 98,,
3853 E Ara PKWY,37.0268834,-113.4958157
5980 S Foothill Ridge DR,,
1314 E Hayrocks DR,37.0065326,-113.5535288
5930 S WHITE RIM CT,,
1490 E Foremaster Dr Building A Suite 220,,
3292 Deseret Dr #B2,,
3631 Price Hill DR,,
4745 Beck Hill DR,,
Between Ft. Pierce Wash & Horseman Park Dr,,
1429 W 2130 S CIR,,
3485 E Ashbury DR,,
1483 W TOP ROPE CIR,37.0712076,-113.6152441
3677 E Ashbury Dr,,
2492 Arbor DR,37.0535037,-113.5317349
3516 E 2890 S,,
4643 S Pioneer RD,,
302 S Divario Canyon DR BLDG H,,
2928 E Seegmiller DR,37.0616974,-113.527932
4834 N Petroglyph DR,37.1907816,-113.6298103
25 E Dakar LN,37.0472698,-113.5829358
1662 W Red Cloud DR,37.1981974,-113.6202037
854 S WILLOWBEND DR,,
856 S WILLOWBEND DR,,
858 S WILLOWBEND DR,,
862 S WILLOWBEND DR,,
854 - 862 S Willowbend DR,,
2707 E 50 S.,37.107707,-113.528496
185 S 1470 E ST,,
2708 E SHALE CIRCLE,37.0803888,-113.5288169
915 N 1080 E ST BLDG A,,
3726 S 2640 E ST,37.0453547,-113.5301896
198 N 1240 W ST,37.1121528,-113.6102028
2864 S Magnolia LN,,
"1630 E 2450 S Unit 12 Saint George, UT",,
1751 West Chandler DR,37.068328,-113.617871
698 E 700 S ST,37.096287,-113.557754
455 N 500 W ST,,
1118 E Black Mountain DR UNIT V101,,
2764 E 410 N ST,37.1153883,-113.6127385
147 S JAYCEE DR,37.1055728,-113.6141365
4375 S Pioneer RD,37.0416803,-113.5968517
3588 E 2890 S ST,37.0592021,-113.5143809
3393 E 2450 S ST,37.0669131,-113.5153748
1681 E Talus WAY,37.0741101,-113.5487231
3100 W Tanaro TRL,,
39 N Valley View Dr #38,,
1357 S 2780 E ST,37.0957777,-113.5271262
3227 E Ashbury DR,,
748 E Benchmark Dr,,
2984 E Broken Mesa DR,37.0042939,-113.511535
2702 S 3210 E,37.067405,-113.517547
161 W 950 S ST UNIT E5,,
252 N 400 W ST UNIT 1,,
5992 S White Canyon DR,,
2990 N Wapatki TR,,
2231 E 3480 S ST,37.0492048,-113.5384076
2726 Auburn DR,37.0445511,-113.5283837
3178 E Tanoak Dr,37.0490693,-113.5182662
3553 East 2930 South,37.0584584,-113.5200327
1149 W Wickham DR,,
1678 W GREEN VALLEY LN,37.0993582,-113.6195148
1825 Mathis Park Pl Unit 17,37.1043802,-113.6223621
1751 S 1430 E Cir,37.0784686,-113.5530105
345 N 2450 E #228,,
1295 N Bluff ST,37.1334356,-113.603039
1665 W BELAYER DR,37.0700945,-113.6181236
250 RED CLIFFS DR #40,37.1125363,-113.5532179
1287 W Black Gulch LN,,
385 N 3050 E ST,37.0563006,-113.5143754
585 W Emerald Point DR,,
155 W St. George BLVD,37.1099141,-113.5744182
2153 N Lone Rock DR,,
2826 S Emily LN,,
2021 S VISTA CT,37.07317,-113.5666642
3287 E 2250 S ST,,
1092 N 1020 W ST,37.1274757,-113.6054877
5476 Johnsons Arch DR,,
1026 N 1100 W,37.1260971,-113.6070064
2171 W 1970 N CIR,37.1424204,-113.6305029
1657 W Ute RD,,
1295 W 500 S CIR,37.0999744,-113.6108411
3025 E Viviano LN,,
1055 E 900 S ST UNIT 10,,
3661 Yarrow WY,37.0459377,-113.6040193
5414 N Johnsons Arch Dr,,
1076 - 1100 S Carolina Marsh LN,,
1100 S Carolina Marsh LN,,
1049 - 1073 S Carolina Marsh LN,,
1049 S Carolina Marsh LN,,
1053 S Carolina Marsh LN,,
1061 S Carolina Marsh LN,,
1073 S Carolina Marsh LN,,
2679 E 50 N ST,37.1095344,-113.5285395
1096 S Carolina Marsh LN,,
2271 E 3480 S,,
1094 S Carolina Marsh LN,,
1090 S Carolina Marsh LN,,
1084 S Carolina Marsh LN,,
1076 S Carolina Marsh LN,,
1057 S Carolina Marsh LN,,
1065 S Carolina Marsh LN,,
1620 W Belayer Dr,37.0700945,-113.6181236
1952 West Cougar Rock Circle,37.1538659,-113.6271549
861 Red Rock RD,37.1239567,-113.5572806
412 S 1750 E,37.1010242,-113.5466264
2930 E 450 N ST #F10,,
3080 E Merrill RD STE D-100,,
3080 E Merrill RD STE E-100,,
3080 E Merrill RD STE F-100,,
3080 E Merrill RD,,
2212 W HORIZON VIEW DR,,
2347 S Southgate Hills DR,37.0710453,-113.5956206
1314 E White Dome DR,37.0062904,-113.5473886
3052 E Spotted Horse LN,,
3046 E Spotted Horse LN,,
3038 E Spotted Horse LN,,
3034 E Spotted Horse LN,,
1974 E 2450 S ST,37.0667202,-113.5445374
3080 E Merrill RD STE B-100,,
3080 E Merrill RD STE C-100,,
3320 E Clara LN,,
2224 E Rim Crest CIR,,
4264 E CARRERA WAY,,
2793 E Yoshi LN,,
2795 E Yoshi LN,,
3157 Deseret Dr.,37.1168999,-113.5196555
4270 E CARRERA WAY,,
594 W 180 S CIR,,
840 N TWIN LAKES DR UNIT 101,,
1743 E Maplewood WAY,,
995 E St. George BLVD,37.1097636,-113.553483
"1102 W Kolob Dr Saint George, UT",,
1758 Point DR,37.0782232,-113.5587295
4375 South Pioneer Road,,
2798 E ROSEDALE DR,,
1643 S 930 E CIR,,
3016 W Orco LN,,
5929 S WHITE RIM CT,,
5986 S FOOTHILL RIDGE DR,,
484 S MAGGIORE TRL,37.1002723,-113.6411165
3955 E AVIATOR DR,,
5972 S FOOTHILL RIDGE DR,,
488 W CEDAR HILL DR,37.0008812,-113.5958991
1450 N Dixie Downs Rd,37.1324294,-113.623723
Trademark Dr. & Widget Way,,
868 S WILLOWBEND DR,,
874 S WILLOWBEND DR,,
989 W DOONBEG DR,,
876 - 868 S WILLOWBEND DR,,
872 S WILLOWBEND DR,,
662 E Commerce DR,37.0367224,-113.5648363
876 S WILLOWBEND DR,,
6292 S TUMBLESTONE CV,,
5567 S Dahsani LN,,
2336 E Kiabito LN,,
1331 N DIXIE DOWNS RD UNIT 74,,
245 Red Cliffs Dr.,37.110382,-113.5559547
801 S Bluff St STE B80,,
801 S Bluff St STE B50,,
2791 E Yoshi LN,,
2789 E Yoshi LN,,
1373 E HONEYCOMB CT,,
335 S Luce Del Sol Unit 8,,
4273 E CARRERA WAY,,
2336 Entrada Trl #25,,
4396 E Triumph WAY,,
3463 E 2890 S ST,37.0592021,-113.5143809
5095 S DESERT COLOR PKWY PKWY,,
436 S Baracciano DR,,
5994 S FOOTHILL RIDGE DR,,
777 S 400 E ST UNIT 51,,
1592 S Sandatlas DR,37.0800381,-113.5328092
1498 E White Hollow CIR,,
2123 E ONYX WAY,37.0796786,-113.5401188
2319 S 1060 W,37.0676706,-113.6061336
1476 W. Sunset Blvd.,37.1228162,-113.6155933
4655 Pioneer Road,37.0295898,-113.6072502
2256 N Cascade Canyon Dr,,
55 East 700 South #APT 28,,
3281 E Clara Ln,,
3001 E Yavin WY,37.0024404,-113.5228654
1050 - 1068 S Carolina Marsh LN,,
1101 W Blue Wren DR,,
975 S Main St  #100,,
998 S Willow Breeze LN,37.0913866,-113.5498251
664 S MOLVENO TRL,,
1020 - 1042 S Carolina Marsh LN,,
2705 S River Rd,,
1770 E Red Cliffs DR Unit 1186,,
1032 S Carolina Marsh LN,,
3165 S TALLOW TREE DR,37.0518929,-113.5115653
1587 Wonderstone DR,37.0264979,-113.6173362
258 S 200 W Apt 2,,
1449 W 1370 N ST,37.131609,-113.614567
"1852 N Labyrinth Dr Saint George, UT",,
"1598 Spirit Walker Dr Saint George, UT",,
1064 S Carolina Marsh LN,,
1062 S Carolina Marsh LN,,
1058 S Carolina Marsh LN,,
1054 S Carolina Marsh LN,,
1050 S Carolina Marsh LN,,
3256 E ASHBURY DRIVE,,
1042 S Carolina Marsh LN,,
1068 S Carolina Marsh LN,,
1028 S Carolina Marsh LN,,
2668 E Seegmiller DR,37.0616974,-113.527932
1024 S Carolina Marsh LN,,
2734 E Rosedale DR,,
2755 E CLIFF SHADOW DR,37.0419011,-113.5259862
2766 E Rosedale DR,,
1514 E MEAD LN,,
608 W Canyon Pine DR,,
1038 S Carolina Marsh LN,,
1020 S Carolina Marsh LN,,
400 S Tech Ridge Parkway,37.1005328,-113.5937555
2794 S EMILY LN,,
600 S Medical Center DR,37.0999908,-113.5554132
2794 S Emily LN,,
2503 E SUNIVA WAY,,
768 W Sunrise Ct,,
1134 East 900 South #UNIT 37,,
850 North 2720 East,37.1235317,-113.528026
61 N 2350 E Cir,,
3129 E Fuchsia Dr,,
958 N 2000 E ST,37.1146096,-113.5409068
929 W Sunset BLVD UNIT 6,,
1015 N Grand Mesa DR,37.1223182,-113.5511719
1069 W 2320 S ST,,
1983 E 620 N ST,37.1189408,-113.5299043
647 N 1275 W,37.1194138,-113.6107579
1812 E Middleton Dr,37.1237424,-113.5398204
801 S Bluff St STE B70,,
1165 W INDIAN HILLS DR #225,,
164 N EMERAUD DR,,
1008 E 1720 S ST,37.0788331,-113.561283
1415 W SILK BERRY CIR,37.0193534,-113.613265
1417 E 2190 S CIR,37.0711608,-113.5534483
3275 E 3230 S ST,37.0535574,-113.5150564
"87 N St. George Blvd, St. George Utah",37.1098679,-113.5649319
2543 Rio Lobo Dr,37.1073143,-113.6382075
5828 S Lansky DR,,
1650 Evergreen Dr,37.0608248,-113.5492378
1055 E 900 S St Unit 85,,
3134 Blue Heron DR,37.0754839,-113.5200376
3704 S 540 E,37.0450489,-113.572288
120 S 1790 W Cir,37.1062576,-113.621736
242 N 2830 E ST,37.0493811,-113.525863
2313 E 390 N ST,37.1152188,-113.5343087
6068 S Forsythia Way,,
2524 E 1190 S CIR,37.0877255,-113.5317503
1090 South Gap Canyon Parkway,,
3530 Manzanita Rd 6,,
1159 W 610 N CIR,37.1187593,-113.6084101
385 W Brigham Rd Apt 1601,,
2989 W Orco LN,,
3643 S 1550 W,37.0462184,-113.616948
2330 E 200 S St,37.0686443,-113.5483457
2182 W 1050 N,37.1264713,-113.6299425
2533 E 3770 S,37.0443696,-113.5357621
1072 W CANYON TREE DR,,
3599 E 2890 S ST,37.0592021,-113.5143809
2111 W Magatsu Dr,37.1535373,-113.6301394
1590 E DIHEDRAL DR,37.0749561,-113.5504186
3004 - 3024 E Viviano LN,,
3067 E Spotted Horse LN,,
2582 N Tacheene DR,,
2971 E 2930 S,37.0584584,-113.5200327
3579 E Ashbury Dr,,
3277 E SEEGMILLER DR,37.061454,-113.5179813
Desert Sky Pkwy @ Backlot Xing,,
2570 S 3430 E,37.0760696,-113.51317
1366 W Yellow Knolls DR,,
519 S Appian WAY,37.1004776,-113.6468464
470 E 1100 S #19,,
1127 S Criollo LN,,
2831 S Bloomington Dr East,,
2372 E 3480 S,,
3026 E Viviano LN,,
90 E MILAN LN,,
Approx 4900 S Trademark - Fort Pierce Lot 206,,
4808 S Trademark Dr,,
1330 W Indian Hills Dr Unit 6,,
"1526 N Dixie Downs Rd Unit 41 Saint George, UT",,
11 E DAKAR LN,37.0472698,-113.5829358
520 Man O War Rd,37.052107,-113.5953033
3464 E Chimney Rock Dr,,
82 E Milan LN,,
"3022 S Gentry Ln Saint George, UT",,
3024 E Viviano LN,,
739 N 1800 E ST,37.1225575,-113.5449135
3003 - 3023 E Viviano LN,,
3020 E Viviano LN,,
14 E MILAN LN,,
333 S 1470 E ST,,
3004 E Viviano LN,,
3008 E Viviano LN,,
3012 E Viviano LN,,
3016 E Viviano LN,,
639 S Mall Drive,37.1063607,-113.5425951
1631 W SUNSTAR DR,37.0278498,-113.6213081
50 W 400 S ST UNIT 3,,
4695 S TRANQUILITY BAY DR,37.026663,-113.6188049
2255 E Horseman Park,,
1818 W RUBY RIVER LN,,
1202 W Shadow Point DR,,
2187 E 10 S ST,37.1084433,-113.5366141
1360 N Dixie Downs Rd #53,37.1270542,-113.6238217
3023 E Viviano LN,,
6224 S Irontree DR,,
934 W Boxthorn DR,37.0026726,-113.6030209
Sage Haven,,
2784 E CLIFF SHADOW DR,37.0419011,-113.5259862
3019 E Viviano LN,,
3003 E Viviano LN,,
3007 E Viviano LN,,
3011 E Viviano LN,,
3015 E Viviano LN,,
3262 S Tiger Maple CIR,37.0532524,-113.5135816
195 W Mojave Heights Dr,37.0709829,-113.5883542
South of Desert Ridge Parkway,,
2758 W Vico WY,37.1011051,-113.6425675
1344 W Silk Berry DR,37.0204219,-113.6117793
3052 N. SNOW CANYON PARKWAY #53,,
1491 S RIVER RD UNIT 1,,
647 N Moonglow Pl,37.1193436,-113.6279619
126 N Eastridge DR,37.1098644,-113.5509244
124 W Hope St,37.114948,-113.5820128
2331 E 3350 S ST,37.051458,-113.5368481
3052 N Snow Canyon Parkway 53,,
1043 S 2910 E ST,37.0468052,-113.5242069
646 S Alcantara LN,,
991 Grand Heights DR,37.1233706,-113.552501
393 S River RD,37.0133522,-113.5643388
"1610 W 100 N Unit 36 Saint George, UT",,
1450 South & River Road,,
"1129 N 2190 W Saint George, UT",,
1736 Point Dr,37.078452,-113.5592239
1610 W 100 N St Unit 55,,
"1877 W Horizon View Dr Saint George, UT",,
1526 N Dixie Downs Rd Unit 34,,
"1050 E Brigham Rd Apt 65 Saint George, UT",,
575 S Main St Apt 15,,
1102 E 1720 S,37.0787259,-113.5612096
1517 W 2130 S,,
1420 E HONEYCOMB DR,37.0036993,-113.5463927
2718 E Rosedale DR,,
6197 S Tracer CT,,
6203 S Tracer CT,,
3235 S 2750 E CIR,37.0538274,-113.5276925
2646 E Rosedale DR,,
915 W GOLD RIDGE LN,,
3996 E DESERT CANYONS PKWY,37.0100317,-113.5145422
2703 E Granite Way,37.0781368,-113.5351735
5476 N Johnsons Arch DR,,
6318 S Rialto CT,,
Lucas Drive and Desert Sage Parkway,,
440 S 200 E ST,37.1135196,-113.5790512
2255 E 2480 S ST,37.0663764,-113.5383805
White Dome Drive & River Road,,
1845 W CANYON VIEW DR #1617,37.0918966,-113.6247162
265 N DIXIE DR UNIT 110,,
~3050 S 3000 East,37.056146,-113.522014
3167 E Summit View LN,,
5897 S Foothill Ridge DR,,
669 S Ernesto Grotto WAY,,
5880 S FOOTHILL RIDGE DR,,
907 W GOLD RIDGE LN,,
901 W GOLD RIDGE LN,,
1609 E ROCKY POINT WAY,37.0907557,-113.5493075
1479 E WHITE DESERT DR,37.0057288,-113.5537872
345 N 2450 E ST #228,,
1165 W INDIAN HILLS DR UNIT 209,,
3451 E Ashbury Dr,,
324 N 1680 E,37.1108623,-113.5467122
1082 W ALBERTINE LN,37.0732275,-113.6069114
1086 W ALBERTINE LN,37.0732275,-113.6069114
1074 - 1086 W ALBERTINE LN,37.0732275,-113.6069114
2885 E Rowan LN,,
1078 W ALBERTINE LN,37.0732275,-113.6069114
1074 W ALBERTINE LN,37.0732275,-113.6069114
3344 E 2250 S,37.0700468,-113.5495088
2302 S Tall Grass Ln,,
2292 S TALL GRASS LN - POOL,,
732 E ALABASTER RD,,
2748 E Rosedale DR,,
712 S Paisley WAY,,
"475 S Donlee Dr,  ST. GEORGE, UTAH",37.1118739,-113.5972434
4765 N Rusty Cliffs DR,,
1620 E 1450 S ST UNIT 81,,
2688 E Rosedale DR,,
68 N PARADISE WAY,37.1085181,-113.5252327
2076 W ASPIRATION POINT CIR,37.0255313,-113.6268986
1995 E Judy LN,,
5881 S Diamond Butte Dr,,
3427 S BLOOMINGTON DR W,,
2894 E AUBURN DR,,
4503 N Petroglyph DR,,
1491 S River RD UNIT 2,,
1377 W MORANE MANOR DR,,
1550 W 330 N ST,,
4397 S SHERWOOD DR,,
899 W GOLD RIDGE LN,,
1568 W Belayer Dr,,
1991 E 2540 S,,
1166 W DOONBEG DR,,
2049 W 1700 N ST,,
959 W VELVET RIDGE CV,,
3031 S BASSWOOD CIR,,
2549 W. SINAGUA TRAIL #71,,
2074 N Anasazi TRL,,
1285 Palmer Circle,,
2890 E 1350 S,,
955 W VELVET RIDGE CV,,
1026 West Calloway Circle,,
2926 E Rowan LN,,
1736 S 1480 E Cir,,
960 W Manzanita Road,,
1118 W BLACK MOUNTAIN DR   UNIT V101,,
2977 S Beech St,,
3402 E Seegmiller DR,,
4170 E EL CAPITAN WAY,,
1334 W 1360 N ST,,
1785 W Phoenix Dr,,
2311 E Fieldstone CIR,,
847 W 1130 N CIR,,
2491 S RIVER RD BLDG E,,
1639 East Yant Flat,,
1966 E Jade DR,,
2111 W Magatsu DR,,
1325 Cantamar DR,,
873 W BRIGHT RIDGE LN,,
877 W BRIGHT RIDGE LN,,
39 N Valley View Dr #57,,
885 W BRIGHT RIDGE LN,,
3204 E Sugar Maple DR,,
889 W BRIGHT RIDGE LN,,
4596 S FIRST LIGHT DR,,
881 W BRIGHT RIDGE LN,,
4267 E CARRERA WAY,,
4251 E Carerra WY,,
302 S Divario Canyon DR BLDG E,,
2583 E SUNIVA WAY,,
280 S Luce Del Sol Unit 115,,
744 E Enterprise DR STE 2,,
3011 W Orco LN,,
698 S ALCANTARA CIR,,
2265 W Rivers Edge Ln,,
855 W Indian Hills DR,,
3303 S 2150 E ST,,
3555 S LUPIN WAY,,
5822 S Lansky DR,,
1873 S POINT DR,,
671 S Molveno TRL,,
2312 E Kiabito LN,,
5561 S Dahsani LN,,
5559 S Dahsani LN,,
2330 E Kiabito LN,,
4263 E CARERRA WAY,,
2324 E KIABITO LN,,
662 Commerce Drive,,
772 N 2860 E,,
2536 E Slate LN,,
175 N 400 E ST,,
1543 S River RD UNIT 3,,
1066 W ALBERTINE LN,,
1058 W ALBERTINE LN,,
1070 W ALBERTINE LN,,
1062 W ALBERTINE LN,,
2020 E Riverside DR,,
801 S Bluff St,,
146 S 700 E ST,,
225 N COUNTRY LN #70,,
2244 S ARNICA CIR,,
1722 S 1430 E CIR,,
626 N RIDGE RIM WAY,,
32 N 2590 E ST,,
2170 E COLORADO CIR,,
1650 S SANDATLAS DR,,
3137 S SPRUCE CIR,,
385 S Five Sisters DR,,
5455 S COPPER PEARL LN,,
1795 N Snow Canyon Pkwy 97,,
918 N 2720 E ST,,
538 E WHITE RIDGE DR,,
1397 W Sunset BLVD UNIT 105,,
1552 E. 1850 S. Cir,,
32867 Sugar Maple DR,,
5816 S Lansky DR,,
334 W Tabernacle St Ste# J7,,
1535 S 2520 E CIR,,
4579 S BIG RIVER DR,,
710 S INDIAN HILLS DR UNIT 15,,
2182 Chaco TRL,,
1406 W Canyon Tree DR,,
George Washington Blvd & 3000E,,
269 N 300 W ST,,
555 N Dixie Drive,,
2050 W CANYON VIEW DR 9A,,
497 E Paintbrush Way,,
3386 S Walnut Canyon DR,,
2785 E Yoshi LN,,
2436 E Horseman Park DR,,
602 W CANYON PINE DR,,
1284 W Canyon Tree DR,,
527 W AVERY LN,,
2622 s Franklin dr,,
1238 W 360 N ST UNIT 11,,
1986 S LARKSPUR RD,,
1951 E OPAL WAY,,
4280 E TRIUMPH WAY,,
161 W 950 S ST UNIT A6,,
1770 E Red Cliffs DR STE 1106,,
3288 E Ashbury DR,,
4929 S Desert Color PKWY UNIT A103,,
4257 E Carerra WY,,
2383 E 140 S ST,,
1255 W Sunset BLVD STE 2,,
1687 W WIDE RIVER DR,,
1765 W SPIRIT WALKER DR,,
1365 E Fort Pierce Unit 26,,
2660 E Cultivator LN,,
64 N 800 E SUITE 1,,
1664 S Dixie DR UNIT M102,,
2050 S 1400 E  13,,
Enterprise Dr & Commerce Dr,,
611 W Green Mountain DR,,
2639 E SUNIVA WAY,,
2643 E SUNIVA WAY,,
3114 E CRIMSON MEADOWS DR,,
2655 E SUNIVA WAY,,
735 Gunlock CIR,,
2144 S 3430 E St,,
2436 N TACHEENE DR,,
2429 E 2830 S,,
2588 E SUNIVA WAY,,
2604 E SUNIVA WAY,,
2601 E SUNIVA WAY,,
3256 East Ashbury DR,,
2600 E Rosedale DR,,
1538 E Mead LN,,
2818 E RIDGEDALE LN,,
2635 E SUNIVA WAY,,
2990 E Riverside Dr 21,,
1678 W Belayer DR,,
1550 E Mead LN,,
1548 E Mead LN,,
1544 E Mead LN,,
1540 E Mead LN,,
1530 E Mead LN,,
1534 E Mead LN,,
1450 N Dixie Downs RD UNIT 86,,
1528 E Mead LN,,
1524 E Mead LN,,
1522 E Mead LN,,
2672 E Rosedale DR,,
2631 E SUNIVA WAY,,
2841 E GNIESS DR,,
1491 S RIVER RD UNIT 3,,
1283 W Pocket Mesa DR,,
3026 E 2170 S ST,,
2557 N LA CASA CIR,,
2647 E SUNIVA WAY,,
1751 West Chandler Dr.,,
3292 E 3180 S ST,,
469 W 300 N,,
2515 E CRIMSON RIDGE DR,,
3274 E 3180 S ST,,
14 E 300 S ST,,
5096 S CARMEL BLUFFS CIR,,
758 W LAVA POINTE DR,,
545 S VALLEY VIEW DR #36,,
3512 E RIMRUNNER DR,,
623 Concord WY,,
2896 S 2350 E ST,,
"3129 E Fuchsia Dr Saint George, Utah",,
761 N Bluff St - B5,,
"1770 East Red Cliffs Drive St. George, Utah",,
2766 E 175 N,,
"Aviation Business Park, Lot 6",,
3191 E Deseret Dr S,,
2955 E Rimrunner DR,,
River Road,,
2836 E Mall DR UNIT 2,,
2736 E CLIFF SHADOW DR,,
3577 S LUPIN WAY,,
1363 E WHITE BLUFF DR,,
3446 E 2890 S ST,,
2770 W Vico WY,,
351 N Lost Creek DR,,
Pioneer Road & Sugar Leo Rd,,
1115 W Shady Springs DR,,
302 S Divario Canyon DR,,
2798 E. Moorland Dr,,
2339 E Fieldstone CIR,,
3802 E Church Rocks DR,,
1495 S River RD UNIT 1,,
1840 W 1100 N #41,,
1386 E 1710 S,,
1845 Talus Ct,,
1684 E TALUS CT,,
1648 E Dihedral DR,,
1630 E 2450 S Unit 30,,
1205 W 710 N,,
735 S Alcantara CIR,,
2868 E Willow Tree LN,,
2481 N La Casa CIR,,
4222 South Tawney Owl DR,,
"473 S River Road, Suite A",,
2415 E 700 N ST,,
2410 Anasazi TRL,,
4290 S Pioneer Rd,,
4247 E Carerra WY,,
1684 E TALUS WAY,,
1370 N 1100 W ST,,
4276 E Triumph WY,,
2781 E Yoshi LN,,
648 W LAVA POINTE DR,,
3014 S GENTRY LN,,
4991 S AZALEA CIR,,
801 S Bluff ST,,
584 S DIXIE DR #28,,
975 S Tech Ridge Dr.,,
"555 W. Diagonal St, Unit 5",,
154 S 100 W - Garage,,
"1697 W Bonita Bay Dr Saint George, Utah",,
2470 S 2010 E ST,,
1040 N 1300 W  #49,,
West of intersection of Painted Ridge Pkwy and Desert Sage Pkwy,,
Sky Rocket Road and Highline Road,,
2519 E 1190 S ST,,
3090 Crimson Meadows DR,,
591 N 1050 W ST,,
847 W 1130 N Cir,,
370 E Tabernacle ST,,
6202 S SQUARE TOP,,
2236 S Tall Grass LN,,
3532 E 3050 S,,
4850 N Sand Cove CIR,,
334 N 300 W ST UNIT A,,
640 N 1200 E ST,,
658 S 100 W ST,,
2131 S HARMONY CIR,,
2226 E 170 N ST,,
2405 E 700 N ST,,
3214 S 2980 E ST,,
1314 E White Dome Drive,,
1414 West Galoot Drive,,
4782 S TRANQUILITY BAY DR,,
147 E 2580 S CIR UNIT C,,
2660 E. Cultivator Ln,,
5575 S Desert Color PKWY,,
3697 S 1550 W ST,,
948 N 1300 W ST,,
425 W 300 N ST,,
2702 E Rosedale DR,,
698 N 2200 E,,
2784 W PIATTO WAY,,
1770 E Red Cliffs DR,,
845 N VALLEY VIEW DR #908,,
6064 S BEECHWOOD DR,,
2047 E Tagans WAY,,
1380 S Medical Center DR,,
439 W Bunker CIR,,
3276 S 3350 E ST,,
1112 E TAMARISK DR,,
214 S Megozzo DR,,
1655 E Talus WY,,
4733 S HAMMOCK DUNES CIR,,
2686 Pavant Cir,,
3713 S Gatehouse Ln,,
1628 N Artesia DR,,
1414 W Galoot DR,,
4851 N PETROGLYPH DR,,
4640 S IRONWOOD DR,,
2335 W SUNBROOK DR #57,,
2812 S MAGNOLIA LN,,
893 W Bright Ridge LN,,
911 W Bright Ridge LN,,
884 S WILLOWBEND DR,,
907 W Bright Ridge LN,,
903 W Bright Ridge LN,,
901 W Bright Ridge LN,,
897 W Bright Ridge LN,,
2836 E Mall DR Unit 3,,
890 S WILLOWBEND DR,,
886 S WILLOWBEND DR,,
892 S WILLOWBEND DR,,
3344 S Pioneer RD,,
1815 E Yant Flat DR,,
1618 N 1975 W ST,,
1626 W Sunset BLVD,,
1664 S DIXIE DR #B,,
1196 W FLOYD DR,,
2789 W Vico WAY,37.1011051,-113.6425675
Banded Hills,37.0459462,-113.5187786
2848 S RANCHO CIR,,
2647 S 3160 E ST,37.0633576,-113.5184748
3491 E 2890 S ST,37.0592021,-113.5143809
503 W Avery LN,,
3052 N. SNOW CANYON PARKWAY #70,,
1949 W. EVEREST DR,,
518 S East Ridge DR,37.0515185,-113.5194184
904 W. 730 N.,37.1208503,-113.6028928
3063 s alpine ln,,
SOUTH OF BENCHMARK DR AND EAST OF RIVER ROAD,,
495 W Cedar Hill DR,37.0008812,-113.5958991
682 W High Tide PL,37.0175111,-113.5979972
684 W High Tide PL,37.0175111,-113.5979972
688 W High Tide PL,37.0175111,-113.5979972
692 W High Tide PL,,
694 W High Tide PL,,
696 W High Tide PL,37.0175111,-113.5979972
1453 S DIXIE DR STE 210,,
2695 W Trasimeno Drive,37.0986666,-113.6412667
3155 E HINKLEY LN,,
321 Damascus DR,37.0503805,-113.5911091
3382 Sugar Leo DR,,
727 S ALCANTARA CIR,,
White Dome Dr.,37.0062904,-113.5473886
2759 E Amaranth DR,37.0516691,-113.5274029
195 N 1240 W ST,37.1124133,-113.6104091
"2864 S 2350 E ST, SAINT GEORGE, UT, 84790",,
"1732 W 540 N ST UNIT 99, SAINT GEORGE, UT, 84770",,
"843 W CLUBHOUSE WAY, SAINT GEORGE, UT, 84770",,
1178 E 300 S #D107,37.102911,-113.558403
1040 N 1300 W ST UNIT 19,,
2135 S CAMERON PL,,
1488 W LLOYD DR,,
370 S Valley View Dr #1,,
1987 E JUDY LN,37.0907521,-113.5411043
1050 East Brigham Road 52,37.0574236,-113.5745721
3000 EAST & CRIMSON RIDGE DRIVE,37.0515185,-113.5194184
3351 S PIONEER RD,,
4994 S Desert Color PKWY,37.0146504,-113.5945056
755 S MINCIO LN,37.0959162,-113.6386139
5518 N Johnson Arch DR,37.20259,-113.6151869
396 S East Ridge DR,37.047345,-113.5189982
3089 E 2170 S ST,37.0713662,-113.5146129
1738 W 740 S ST,37.0957199,-113.6207418
1123 E Osage CIR,37.0570359,-113.5596393
3924 S Bentley Rd,,
4941 N LONG SKY DR,37.1973805,-113.6332887
1435 E Hayrocks DR,37.0065326,-113.5535288
1620 W BELAYER DR,37.0700945,-113.6181236
2981 W VARESE WAY,,
5945 S WHITE RIM CT,,
2588 S 3210 E,37.0644742,-113.5177863
2261 S Tonaquint Dr Unit 66,,
4464 E Desert Canyons PKWY,37.0110009,-113.5155789
4478 E Desert Canyons PKWY,37.0110009,-113.5155789
4196 S Airport PKWY UNIT 52D,,
4646 S Desert Color PKWY BLDG 2,,
1628 N Artesia Dr,37.1345859,-113.6153596
4426 S Enterprise DR,37.0324569,-113.5754126
2204 S Carabiner WAY,37.0706344,-113.6208048
6044 S RIMRUNNER DR,37.0060299,-113.5085482
2637 E Cedar Post LN,,
1694 E Ridgeline Cir,,
3169 S 2750 E,37.0546274,-113.527718
1475 E WHITE DESERT DR,37.0057288,-113.5537872
NE Corner of Sunriver Parkway & Pioneer Road,,
3297 E 3140 S,37.0548686,-113.5142741
2812 S Emily LN,,
3135 Jacob Hamblin DR,37.0550253,-113.606801
998 W Desert Sparrow Dr,37.0371327,-113.6058399
2036 Yant Flat DR,37.0052527,-113.5445626
2037 S 3210 E,37.0775007,-113.5177499
2549 W. SINAGUA TRAIL #31,37.1568087,-113.6397817
2498 N ANASAZI TRL,,
441 E Sunland Drive #19,,
834 E FORT PIERCE DR,37.0696215,-113.5622438
1730 W STONEBRIDGE DR UNIT 50,,
1488 W Lloyd DR,,
39 North Valley View Drive #62,,
3415 Seegmiller DR,37.0616974,-113.527932
"2255 S HILL RD UNIT 16, SAINT GEORGE, UT, 84790",,
312 N 2650 E,37.113382,-113.529392
3202 S WALNUT CANYON DR,,
480 S 200 W ST UNIT 14,,
1954 N Artesia DR,37.1345859,-113.6153596
331 S FIVE SISTERS CIR,37.1034111,-113.5453424
2077 West River of Fortune CIR,,
4834 Petroglyph DR,37.1918054,-113.6299801
6202 S ROCKY TALUS WY,37.0032114,-113.507842
845 N VALLEY VIEW DR #903,37.1223879,-113.6045458
"1541 W POPPY HILLS CIR SAIINT GEORGE, UT 84790",,
1165 W INDIAN HILLS DR 221,,
660 S 400 E ST 18,37.0859022,-113.574928
1604 W BELAYER DR,37.0700945,-113.6181236
"444 Sunland Dr Apt 69 Saint George, UT",,
2755 W Becco TRL,,
2759 W Becco TRL,,
2763 W Becco TRL,,
Walnut Canyon Dr,37.0507429,-113.5111023
1143 W DOONBEG DR,,
3464 E Banded Hills DR,37.0459462,-113.5187786
5812 S Lansky DR,,
5806 S Lansky DR,,
6191 S Tracer CT,,
2663 W VENICE LN,,
1910 S 2940 E,37.0758103,-113.5235175
2990 E Riverside DR 21,,
"952 Grand Teton Lane,  St George,  UT",37.1232747,-113.5515318
922 E Brigham RD STE 5C,,
914 W MARISSA RD,,
5267 S Blue Pearl Aly,,
1360 E WHITE BLUFF DR,,
3748 S Jessamine Dr,,
3537 E 2930 S ST,37.0584584,-113.5200327
3286 S TALLOW TREE DR,,
975 S Tech Ridge DR,37.1048369,-113.5947616
1091 N BLUFF STREET,37.126456,-113.6043518
1648 E DIHEDRAL DR,37.0749561,-113.5504186
3164 E 2170 S ST,37.0713662,-113.5146129
1543 S River RD UNIT 1,,
1405 E HAYROCKS DR,37.0065326,-113.5535288
1612 BONITA BAY CIRCLE,37.0211467,-113.6168604
6178 S Rosalind DR,,
1286 W 2130 S ST,,
3045 Corkwood Cir,37.0554977,-113.5557553
2423 W Chardonnay LN,,
2137 S Rappel WY,37.0713376,-113.619554
1111 W Beck Hill DR,,
1289 N 1280 W ST,37.1302279,-113.610788
Enterprise Drive,37.0324569,-113.5754126
TBD-2450 South,,
1188 W Grayson DR,,
2160 N Chaco Trail,37.1488763,-113.6396927
2412 S BRECKENRIDGE DR,,
311 S Bedrock LN,,
315 S Bedrock LN,,
3544 marigold way,37.0480798,-113.6103093
5962 S Jasper Ridge DR,37.0038041,-113.5936475
5958 S Jasper Ridge DR,37.0038041,-113.5936475
5964 S Jasper Ridge DR,37.0038041,-113.5936475
5968 S Jasper Ridge DR,,
3032 E RIMRUNNER DR,37.0011828,-113.5106866
"1701 N 2500 W Saint George, UT",,
2745 S 2260 E CIR,37.0622738,-113.5374775
"1169 Lizzie Ln Saint George, UT",,
4479 Hiko Springs DR,37.0314189,-113.6210824
337 Belmont DR,37.0467712,-113.5912194
2512 E 40 N ST,37.1090289,-113.5313364
1472 E George Washington BLVD UNIT 5,,
321 W DAMASCUS DR,37.0491854,-113.5920623
2030 East Riverside Drive,37.0975742,-113.5413304
4684 S Desert Color PKWY,37.0146776,-113.5944235
2825 E Mall Dr,,
2826 E Rowan Lane,,
2050 S 1400 E ST 12,,
4637 Painted Sky DR,37.1893052,-113.6308221
2745 W LUGANO WAY,,
2727 W Lugano WY,,
2121 S 1200 W ST,,
1505 S Shale DR,37.0818306,-113.5281878
6111 S Half Dome Ln,,
1245 S Main St,,
5310 S BLUE PEARL ALY,,
2678 W BRENTA WAY,37.0966608,-113.6401687
1050 E Brigham Rd #20,37.0595691,-113.5838298
1050 E Brigham Rd #19,37.058972,-113.5814501
1660 North Palo Verde DR,37.1364922,-113.6144994
1696 W Belayer DR,37.0700945,-113.6181236
1057 W DOONBEG DR,,
2392 E Capone LN,,
3155 E Hinckley LN,,
332 N Donlee DR,37.1118739,-113.5972434
6170 S HALF DOME CIR,,
SG-LOSG-10-1003,,
5263 S Blue Pearl Aly,,
3284 E CLARA LN,,
1035 W DOONBEG DR,,
Grand View Drive / Sky Rocket Road,,
"3408 E 2450 S St George, UT",37.0669131,-113.5153748
2853 E Rowan LN,,
3302 E Seegmiller DR,37.0616974,-113.527932
2895 E GRANITE WY,37.0794796,-113.529218
1505 S SHALE DR,37.0818306,-113.5281878
1392 East Hayrocks DR,,
2245 N Cohonina Cir,,
671 W CRYSTAL DR,,
Dixie Drive & 360 North,,
5505 Johnson Arch DR,37.20259,-113.6151869
436 N LOST CREEK CIR,,
2244 W 1890 N,,
432 E Enterprise DR,37.0303376,-113.5688539
1873 S THREE MARYS PL,37.076033,-113.5672992
1825 E. 3850 S. ST,37.0427667,-113.5506021
4890 N LONG SKY DR,37.1973805,-113.6332887
856 W Las Colinas Dr,,
3053 E. Holly CIR,37.0499858,-113.5210871
3000 E & Merrill Road,,
1055 EAST 900 SOUTH #UNIT 71,,
1710 E Red Cliffs DR UNIT 1305,,
1679 W Belayer DR,37.0700945,-113.6181236
1674 W CHANDLER DR,,
1732 W 540 N ST UNIT 112,,
1483 N 1460 W ST,37.132288,-113.6148328
404 N LOST CREEK CIR,,
2334 S RIVER RD #84,,
3487 S PRICE HILLS DR,37.0478721,-113.5681151
"894 W HAMPTON RD, ST GEORGE, UT 84770",,
1735 W 540 N #304,,
2901 E 850 N St,,
Divario Canyon Drive & Alienta Drive,,
471 S BRACCIANO DR,37.1000262,-113.6424207
518  W Del Mar DR,37.0501587,-113.5947404
1496 E WHITE HOLLOW CIR,,
1471 E WHITE DESERT DR,37.0057288,-113.5537872
4443 S River RD,,
1424 E WHITE BLUFF DR,,
2686 E Cultivator DR,,
787 W Windsor DR,,
FORT PIERCE LOT 183,37.0746519,-113.5537381
3141 E 2220 S ST,37.0617079,-113.5383738
380 S 500 E,37.0866492,-113.5730153
860 S village Rd.,37.0926248,-113.6243181
575 S 1100 E ST #20,,
4196 S Airport PKWY UNIT 52C,,
3539 Solano WY,37.0479489,-113.5954769
3224 S Walnut Canyon Dr,,
275 S VALLEY VIEW DR #28,,
380 S 500 E ST,,
2250 E BURR LN,,
6094 S Rock Rose DR,,
4834 N PETROGLYPH DR,37.1907816,-113.6298103
Sage Haven at Desert Color,,
"Sage Haven, Phase 8, Water Meter #2",,
5885 S Foothill Ridge DR,,
5686 S WEEHAWKEN LN,,
5702 S WEEHAWKEN LN,,
5694 S WEEHAWKEN LN,,
5690 S WEEHAWKEN LN,,
2523 S River RD UNIT 1,,
2720 E 3390 S,37.0505923,-113.5285341
"1738 E Wolf Hole Dr Saint George, UT",,
3461 E 2930 S ST,37.0584584,-113.5200327
3142 E 2170 S ST,37.0713662,-113.5146129
Hamilton/Burr Ln,,
Little Valley Road & 2830 S Intersection,,
2990 E RIVERSIDE DR #165,,
"1945 W Rising Sun Drive, St. George, 84770",,
1586 W Belayer DR,,
5938 S WHITE RIM CT,,
617 E Riverside DR STE 204,,
3025 Sweetgum CIR,,
2544 E 1520 S CIR,,
2962 E ALDERANN ST,37.0012546,-113.5249601
2682 S FRANKLIN DR,37.0621081,-113.5334451
3485 E Ashbury Dr,,
"3737 S 2640 E ST, ST GEORGE, UT 84790",37.0453547,-113.5301896
3557 E 2890 S ST,37.0592021,-113.5143809
503 S MARTIGNANO WAY,37.0998656,-113.6404472
493 S MAGGIORE TRL,37.1002723,-113.6411165
1333 S Auto Mall DR STE 105,,
6025 S RIVER RD UNIT B3,,
1414 E Medical Center DR,37.0997445,-113.5501652
"225 N VALLEY VIEW DR #29, ST GEORGE, UT 84770",,
2653 W RIO LOBO DR,,
527 N NORTHRIDGE AVE,37.1173812,-113.6014527
2681 W VENICE LN,,
968 W 4100 S ST,,
1450 E 3850 S,37.0427667,-113.5506021
798 W FIRE SKY DR,37.0083804,-113.598062
1346 E St James LN,,
975 N 1800 E ST,,
1436 W 320 N ST,37.1139268,-113.6129496
669 S 700 E ST,37.1103165,-113.5684606
1058 - 1070 W ALBERTINE LN,37.0732275,-113.6069114
1294 W MARIGOLD WAY,37.0450513,-113.6121452
30 E MILAN LN,,
2810 W Silver Cholla LN,,
2585 E WATERS EDGE CIR,,
2929 E Alderann ST,37.0012546,-113.5249601
887 S Capaldi DR Unit 416,,
257 E Sydney DR,37.045732,-113.5783163
253 E Sydney DR,37.045732,-113.5783163
53 E MILAN LN,,
3577 S TURIN LN,37.0473679,-113.5816648
102 E MILAN LN,,
52 E MILAN LN,,
110 E MILAN LN,,
"2405 W Entrada Trail #59 St. George, UT",,
3477 E 2930 S ST,37.0584584,-113.5200327
4510 S ASH SPRINGS LN,37.0306701,-113.6222097
3576 Pomegranate WY,37.0472771,-113.6088439
3136 Swaps DR,37.054961,-113.592699
2785 W Becco TRL,,
2921 E Alderann ST,37.0012546,-113.5249601
317 S Bedrock LN,,
2589 S HILLRISE DR,,
221 N EMERAUD DR #31,37.1110226,-113.6366015
5295 N Hidden Pinyon Drive,37.2009261,-113.6131004
1386 W 2410 S CIR,,
3552 East Broken Mesa DR,,
2036 E Yant Flat DR,37.0052527,-113.5445626
Pioneer Road,37.0596846,-113.5857585
901 W BOXTHORN DR,,
6294 S Green Diamond CV,,
SE corner of 700 S and River Road,,
402 N 2370 E ST,37.1152974,-113.5329924
4689 N MOVIE ROCK DR,37.1909676,-113.6174849
526 S 600 E,37.110396,-113.5705799
551 W 400 N,37.1150036,-113.582909
4700 South Desert Color Parkway,,
1122 East 300 South #APT L123,,
2523 S RIVER RD UNIT 1,,
717 S Bluff ST,37.0844071,-113.5834085
4929 S DESERT COLOR PKWY PKWY A103,,
444 E SUNLAND DR #80,37.0870215,-113.576353
55 E 700 S ST #24,,
964 West Bloomington Drive South,,
3790 S Hydeberry CV,37.0441283,-113.6139354
2257 E 650 N ST,37.1199498,-113.5354252
1733 N 2500 W ST,37.1380096,-113.6368902
727 N DAYBREAK DR,37.1202677,-113.6257884
409 N COUNTRY LN 31,,
1354 E HONEYCOMB CT,,
1461 S River Road,37.1017898,-113.5556595
3551 E RIMRUNNER DR,37.0013935,-113.5105816
2951 S MAPLECREST DR,,
6173 White Bee CIR,,
2367 E MALITSOH WAY,,
2727 E Granite WY,37.0794796,-113.529218
2595 E. FLINT ST,37.0792472,-113.5298973
540 E Tabernacle ST,37.1081196,-113.5653075
3317 E 2250 S ST,37.0700468,-113.5495088
2832 E 1240 S ST,37.0869122,-113.5262069
250 N Red Cliffs DR STE 39,,
5360 S Pura CIR,37.0165854,-113.6019888
1593 E DIHEDRAL DR,37.0749561,-113.5504186
663 S Molveno TRL,,
3379 Clara LN,,
3677 E ASHBURY DR,,
185 W 200 N ST,,
656 W RIO VIRGIN DR,,
3476 Chimney Rock Dr.,37.0021038,-113.5122841
2891 E Mall DR,37.0997565,-113.5371743
2144 S 3010 E ST,37.0717147,-113.5214861
903 W Boxthorn DR,37.0026726,-113.6030209
3376 E Clara LN,,
3023 E 2170 S ST,37.0713662,-113.5146129
4721 N WHITE ROCKS DR,37.1923766,-113.6186004
851 S FIVE SISTERS DR,37.093705,-113.5449545
1380 E Medical Center Dr.,37.0997445,-113.5501652
232 N 100 E ST,,
517 N LOST CREEK CIR,,
2836 Mall DR,37.095833,-113.5287289
3262 E Clara LN,,
2597 E Horseman Park DR,37.0550244,-113.5316504
3170 S TALLOW TREE DR,37.0518929,-113.5115653
2859 South Redwood Tree Circle,,
3047 W Orco LN,,
915 W Boxthorn DR,,
542 N Daybreak DR,37.1180011,-113.624874
4993 S Seabrook DR,37.0226679,-113.618206
1247 W FIREPIT KNOLL DR,37.190128,-113.6143685
1752 N 2500 W ST,37.1384444,-113.6367672
545 E ALABASTER CIR,,
"4950 S Desert Color Parkway,  #C101 St. George, UT 84790",,
905 W Boxthorn DR,37.0026726,-113.6030209
919 W Boxthorn DR,,
1263 W 1250 N ST,37.1296479,-113.6103994
909 W  Boxthorn DR,,
2636 E Cultivator DR,,
2686 E 2220 S ST,37.0705037,-113.53213
1363 W YELLOW KNOLLS DR,,
3051 W Orco LN,,
3260 E DESERET DR S,37.1142093,-113.5175573
150 South Crystal Lakes Drive #2,37.107349,-113.628208
984 E 900 S ST 9,,
2139 West Cougar Rock Circle #169,37.1530631,-113.627735
1836 N ARTESIA DR,37.1345859,-113.6153596
913 W Boxthorn DR,,
3030 E Viviano LN,,
668 S ALCANTARA LN,,
Flowers Way at Desert Canyons,,
1958 S 2580 E ST,37.0913068,-113.5313449
3068 W Orco LN,,
3027 W Orco LN,,
3028 W Orco LN,,
3042 W Orco LN,,
3054 W Orco LN,,
20 N Main Street Suite 104,,
405 E Nagano DR,37.0477133,-113.5751771
1878 E RIVERBEND DR,,
190 S 100 E ST,37.1052663,-113.5360308
2797 S GRASS VALLEY DR,37.0616114,-113.5317566
2214 W Lomaki Cir,37.1598864,-113.6313953
3035 W Orco LN,,
3000 W NEMI LN,37.1060258,-113.6466112
3180 E 2170 S ST,37.0541773,-113.5134261
1662 W Belayer DR,37.0700945,-113.6181236
1664 S Dixie DR UNIT J101,,
585 North 2000 East,37.1179366,-113.5410153
1989 E Rustic Drive,37.0631926,-113.5404163
1664 S Perlite Drive,37.080455,-113.5209666
1630 S Perlite DR,37.080455,-113.5209666
5699 S WEEHAWKEN LN,,
5695 S WEEHAWKEN LN,,
5691 S WEEHAWKEN LN,,
5687 S WEEHAWKEN LN,,
1770 East Red Cliffs DR,,
2255 Hill RD UNIT 4,,
4272 S IRONWOOD DR,,
1531 W 1230 N ST,37.12924,-113.616572
2075 W 730 S ST,,
1732 W 540 N ST 88,37.1175351,-113.6216388
2185 W 1710 N ST,37.1373243,-113.6300361
1593 W PAIUTE RD,37.0465846,-113.621778
1608 W BALANCED ROCK DR,37.1398303,-113.6181521
1981 W 1030 N ST,37.1257744,-113.6261445
1572 E BOULDER SPRINGS DR,37.0798066,-113.5534626
2085 N TUWEAP DR 63,37.1471688,-113.6293826
1055 E 900 S ST 9,,
805 S RIVER RD #11,,
969 N 3050 E,37.1248791,-113.5234219
4870 N Limber Pine DR,37.1924509,-113.6135126
2505 S RIVER RD UNIT 3,,
875 N 2720 E ST,37.0620155,-113.5205009
646 N 2450 E ST 9,,
310 N Industrial RD,37.115629,-113.5605207
495 W CANYON PINE DR,,
3439 S Barcelona Drive #73,,
766 Obsidian DR,37.0756464,-113.6007685
2129 E 170 S CIR,37.105675,-113.5364397
3069 S LEDGE ROCK DR,,
55 E 700 S ST 49,,
1733 N CENTENNIAL DR,37.138558,-113.6353451
853 Red Rock Road,37.1232249,-113.5578341
425 W 300 N,37.113328,-113.5906988
3302 Seegmiller Dr,37.0616974,-113.527932
2771 W LUGANO WAY,,
The Grove,,
1236 W 2190 S CIR,,
2138 E 390 N CIR,37.1148836,-113.5379032
364 W 200 N ST,,
1087 E FORT PIERCE DR,37.0751757,-113.5613997
441 W ROLLING HILLS DR,37.0690793,-113.5951555
3547 E ASHBURY DR,,
1067 E TABERNACLE ST  7,,
640 Latonia CIR,37.0420234,-113.5981446
255 S100 W ST,,
TBD Green Mountain DR,,
2452 W CHARDONNAY LN,,
4609 S PIONEER RD,,
4637 S PIONEER RD,,
432 E Enterprise Drive,37.0303376,-113.5688539
Near Plantations Drive and Province Way,,
1077 W ALBERTINE LN,37.0732275,-113.6069114
1331 N DIXIE DOWNS RD 73,37.1411803,-113.6222159
2860 W BLACKHAWK RIDGE CIR,,
2331 W ENTRADA TRL #81,37.1549828,-113.6379691
2990 E RIVERSIDE DR 114,37.09847,-113.5400308
2720 E 3390 S St,37.0505923,-113.5285341
2923 E Rowan LN,,
1043 W Doonbeg DR,,
797 S 1740 W,37.094737,-113.620272
1081 W ALBERTINE LN,37.0732275,-113.6069114
1069 W ALBERTINE LN,,
1073 W ALBERTINE LN,37.0732275,-113.6069114
1065 W ALBERTINE LN,37.0732275,-113.6069114
1061 W ALBERTINE LN,,
3802 E CHURCH ROCKS DR,37.0033766,-113.5105079
2046 E PANORAMA PKWY,,
1431 Basswood CIR,,
995 N RED ROCK RD,37.1226926,-113.5578388
2935 E Rowan LN,,
4521 S Factory Drive Unit 2,,
2023 W 975 N,37.12504,-113.626859
3630 S INNSBRUCK LN,37.0468028,-113.5840764
348 N Bluff ST,37.0860939,-113.5841864
906 W SAPPHIRE SKY LN,37.0153509,-113.6020003
732 East Alabaster Road,,
2274 N CASCADE CANYON DR,,
970 E 700 S #UNIT 82,,
1140 East Fort Pierce Drive #54,37.07449,-113.5645076
2627 E Diamond Ridge CIR,37.0785609,-113.5296368
1252 W COPELAND DR,,
1755 W SUNSTAR DR,37.0278498,-113.6213081
2852 S 2350 E ST,37.059981,-113.5357978
4819 N LIMBER PINE DR,,
1315 E HAYROCKS DR,37.0065326,-113.5535288
2673 W TRASIMENO DR,37.0986666,-113.6412667
345 N 2450 E Unit 241,,
5908 S WHITE RIM CT,,
611 E Alabaster RD,,
2315 S Crimson Cliffs WAY,37.0706203,-113.5062501
2031 E Colorado Drive #10,,
Airport Parkway and Success Drive,,
1450 N Dixie Downs RD UNIT 148,,
2842 Skywalker Dr.,,
801 S Bluff ST STE A30,,
3071 E 2170 S ST,37.0713662,-113.5146129
4637 S & 4609 S Pioneer Road,,
855 N Daybreak DR,37.1233584,-113.6271745
1382 S River RD,,
1408 E Honeycomb DR,37.0036993,-113.5463927
5802 S Lansky DR,,
2727 E Granite WAY,37.0781368,-113.5351735
2629 W SHOSHONI TRL,,
37 E Dakar LN,37.0472698,-113.5829358
2503 E Arbor DR,37.0537116,-113.53178
907 N 2720 E,37.124084,-113.5284281
5509 S. COPPER PEARL LANE,,
438 N Stone Mountain Dr #48,,
2234 S 2100 E ST,37.0699588,-113.540752
210 N 2700 E St,,
1509 West 750 North #1,,
805 S RIVER RD #23,,
263 South 2390 East Cir,37.1042168,-113.5322965
3 S EMERAUD DR,,
2714 W TRASIMENO DR,37.0986666,-113.6412667
1360 N Dixie Downs Road #58,37.1411803,-113.6222159
361 N 2900 E ST,37.114293,-113.52427
1494 E WHITE HOLLOW CIR,,
"600 S MEDICAL CENTER DRIVE, FIRST FLOOR ROOM A-140",,
132 N 1210 W ST,37.1054546,-113.6093896
4270 E Triumph WAY,,
2700 W Brenta WAY,37.0966608,-113.6401687
1537 S River RD UNIT 2,,
2761 S Magnolia LN,,
1479 E George Washington BLVD STE 201,,
1287 W Bloomington DR  #6,,
1075 N 1400 W St UNIT 2,,
302 S Divario Canyon DR BLDG 8,,
351 S Valley View Dr #47,37.1023506,-113.6148647
477 N Industrial RD,,
2673 E 400 N St,37.1155992,-113.5291335
1545 E Mead LN,,
1547 E Mead LN,,
1541 E Mead LN,,
2030 E Middleton DR,37.1214058,-113.5501852
1543 E Mead LN,,
3396 Sugar Leo RD,37.0505756,-113.5970292
1894 W 1600 N,37.1362946,-113.624997
3459 S. Marblewood DR,,
2537 W. Entrada TRL,37.156074,-113.6362983
508 S LIRI TRL,,
2780 E Ashwood LN,37.0593596,-113.5255175
1308 N 1530 W,37.1309413,-113.6164081
1680 W SUNKISSED DR,37.0285502,-113.6195201
3399 E 2250 S,37.0700468,-113.5495088
302 S Divario,37.0987155,-113.6440392
2198 West 1465 North,37.1332759,-113.6296419
210 North Mall Drive Unit 140,,
748 N 2330 E ST,37.0686443,-113.5483457
1749 West 3550 South,37.0478762,-113.6211065
1736 E Flagstone Road,,
473 S River RD STE 2,,
850 N. 2720 E.,37.1235317,-113.528026
2888 E 3190 S,37.0540813,-113.524736
2292 S Tall Grass LN,,
2672 E CEDAR POST LN,,
1234 Firepit Knoll Dr,37.190128,-113.6143685
275 S River RD,37.0133522,-113.5643388
107 S 1470 E Suite #302,,
1770 Red Cliffs DR UNIT 1165,,
1091 N Bluff ST UNIT 1001,,
2329 S 2100 E ST,37.0701393,-113.540537
2730 W Lugano WY,,
"1380 E. MEDICAL CENTER DRIVE, FIRST FLOOR  ROOM 103",,
636 W CANYON PINE DR,,
5904 S White Rim CT,,
3502 E 2890 S ST,37.0592021,-113.5143809
517 W Olive LN,,
519 W Olive LN,,
3486 E 2890 S ST,37.0592021,-113.5143809
"1210 West Indian Hills Drive #19, St. George, Utah",,
922 N DIXIE DOWNS RD,37.1241251,-113.623069
2707 E 50 S ST,37.107707,-113.528496
1065 W DOONBEG DR,,
6320 S Green Diamond CV,,
1765 N 2065 W ST,,
3562 E Church Rocks DR,37.0033766,-113.5105079
2524 Kachina Vistas CIR,,
1059 Shadow Point DR,37.1065375,-113.6119381
200 South 1470 East,37.1036135,-113.5518072
"Lot 68, Fort Pierce",37.07449,-113.5645076
1048 W Cresole DR,37.0933518,-113.6076888
6180 S White Bee CIR,,
2915 E. Amaranth DR,37.0527006,-113.5248881
3011 E RIMRUNNER DR,37.0060299,-113.5085482
2938 E Rowan LN,,
1845 S Talus CT,,
4571 High Park Dr,37.0295148,-113.6117948
1927 W 470 N,37.1163268,-113.6250315
3277 E Seegmiller DR,37.061454,-113.5179813
1854 W Stonebridge DR UNIT 112,,
2771 E Amaranth Dr.,37.051672,-113.5273122
2934 E SEEGMILLER DR,37.0613521,-113.5176271
1543 S River RD UNIT 4,,
3077 E 2220 S,37.0705037,-113.53213
207 N Emeraud DR,,
2255 S HILL RD UNIT 2,,
2557 S River RD UNIT 2,,
2852 Magnolia LN,37.0601197,-113.5281796
1714 E. Sunshine TRL,,
969 N 3050 E ST STE A2,,
185 S Arancio Ct.,37.1049569,-113.6482003
250 N Red Cliffs DR STE 31,,
Springs Park to Mall Drive,,
2912 N CHINLE CIR,37.1585238,-113.6307936
68 E Milan LN,,
2281 S CRIMSON CLIFFS WAY,37.0706203,-113.5062501
2436 N Tacheene DR,,
248 N 100 E,37.1123271,-113.5811588
5894 S White Rim CT,,
1292 E Hayrocks DR,37.0065326,-113.5535288
144 W Brigham Rd. Ste 2,,
2302 S Tall Grass LN,,
1572 S Dixie DR UNIT 103,,
2066 S 3010 E Cirlce,,
1495 S River RD UNIT 2,,
Sky Rocket Road Gap Canyon Parkway (Divario PA-1),,
3281 E Clara LN,,
1626 S PERLITE DR,,
271 N Country LN UNIT G,,
271 N Country LN,37.1109845,-113.6293631
4178 E El Capitan WAY,,
146 S 700 E,37.1005023,-113.5685336
2000 W Greyhawk Cir,,
2523 S River RD UNIT 2,,
2000 W Greyhawk CIR,,
1553 S River RD,,
992 N 1800 E,,
994 N Red Rock RD,,
3706 S Sapporo PL,,
3688 S Sapporo PL,,
3692 S Sapporo PL,,
3696 S Sapporo PL,,
3702 S Sapporo PL,,
1758 S Point DR,37.0777114,-113.5574253
897 W Boxthorn DR,37.0026726,-113.6030209
895 W Boxthorn DR,37.0026726,-113.6030209
891 W Boxthorn DR,,
887 W Boxthorn DR,37.0026726,-113.6030209
883 W Boxthorn DR,37.0026726,-113.6030209
3093 W Platani TRL,,
1299 E Hayrocks DR,37.0065326,-113.5535288
1328 E Hayrocks DR,37.0065326,-113.5535288
3107 Banded Hills DR,37.0459462,-113.5187786
2784 E 3630 S ST,37.0463318,-113.5278175
3448 Bristlecone WY,,
2445 E 3670 S ST,37.0460334,-113.5348961
3560 E 2890 S ST,37.0592021,-113.5143809
6182 S Rock Rose DR,,
6181 S Rock Rose DR,,
4135 E EL CAPITAN WAY,,
3039 S Slate Ridge DR,37.0562219,-113.5374625
1474 W Firepit Knoll DR,37.190128,-113.6143685
2836 S 2300 E Circle,,
4129 E EL CAPITAN WAY,,
2674 S 3160 E ST,37.0631802,-113.5186953
4117 E EL CAPITAN WAY,,
237 S Arancio Point Ct,,
2406 E 3910 S ST,37.0418033,-113.5348846
2076 S Grandiflora RD,37.0731186,-113.605741
391 North Donlee DR,37.1150252,-113.5988479
1131 N Jefferson Street,,
2176 W 1610 N ST,37.1361714,-113.6299397
1598 W Spirit Walker Drive,37.0278087,-113.6191435
6149 S Rock Rose DR,,
2057 S Grandiflora RD,37.0731186,-113.605741
3344 E 2250 S  ST,37.0700468,-113.5495088
883 - 897 W Boxthorn DR,37.0026726,-113.6030209
1770 E Red Cliffs DR UNIT 1182,,
5948 S Jasper Ridge DR,37.0038041,-113.5936475
5952 S Jasper Ridge DR,37.0038041,-113.5936475
3382 S Sugar Leo RD,37.0528796,-113.5961664
NE Corner of Desert Color Parkway and Black Mountain Drive,,
5946 S Jasper Ridge DR,37.0038041,-113.5936475
4567 N Rusty Cliffs DR,,
5088 S Desert Color Parkway,37.0146504,-113.5945056
1526 N Dixie Downs Rd #56,37.1411803,-113.6222159
438 S Liri TRL,,
145 W Auto Mall DR,37.0805897,-113.585041
628 W Green Mountain DR,,
2826 S EMILY LN,,
2078 E. Riverside DR,37.0975742,-113.5413304
2734 E 3630 S,37.0464529,-113.5282188
16 North Donlee DR,37.1090495,-113.5950125
3397 S Tallow Tree DR,,
1009 S 2910 E,37.0468052,-113.5242069
2877 Redwood Tree CIR,37.0603198,-113.5563385
1605 W Approach LN,,
1010 N 1800 E,37.1225575,-113.5449135
3697 S 1550 W,37.0453,-113.6169432
1467 E White Desert DR,37.0057288,-113.5537872
3507 S Marblewood DR,,
1390 E White Bluff DR,,
1402 E White Bluff DR,,
6114 S Broken Rock WY,37.0050198,-113.5058431
486 W Green Mountain DR,,
3322 E Farmstead RD,,
1303 W 2440 S ST,,
Fort Pierce Business Park - Lot 216,,
1303 W 2440 S,,
2716 W LUGANO WAY,37.0961062,-113.6407273
2374 E Capone LN,,
2181 E Tawny Ridge DR,37.047649,-113.5395339
River Rd/White Bluff,,
34 N 2750 E,37.1090155,-113.527097
5264 S Marilla DR,,
329 Sugar Leo RD,37.0583834,-113.5889595
143 S EastRidge DR,37.1052999,-113.5498141
2912 E Seegmiller DR,37.0613521,-113.5176271
5318 S Sandura LN,,
3028 East Holly CIR,37.0499853,-113.5211544
2498 N Anasazi  TRL,,
4929 S Desert Color PKWY,37.0146504,-113.5945056
2990 E Riverside DR UNIT 42,,
1036 E Red Hills PKWY UNIT E,,
2121 S Harmony CIR,37.0738999,-113.5704683
1595 W TRAVERSE DR,37.0705882,-113.616541
526 S 600 E ST,37.110396,-113.5705799
1040 S 1100 E #87,,
1738 W 3550 S,37.0480421,-113.6209862
2974 E Rimrunner DR,37.0011828,-113.5106866
780 W Akoya Pearl RD,37.0137631,-113.6011284
3170 E Blue Heron DR,37.0754839,-113.5200376
6304 S Green Diamond CV,,
1443 E White Bluff DR,,
804 E St James LN,37.0797587,-113.5620619
567 S Valley View DR UNIT 14,,
619 S Cecita WAY,37.0998703,-113.6453866
642 S Cecita WAY,37.0998703,-113.6453866
634 S Cecita WAY,37.0998703,-113.6453866
628 S Cecita WAY,37.0998703,-113.6453866
686 S Dinapoli LN,,
2963 E 1140 S ST,37.0888645,-113.5236496
3474 E 2890 S ST,37.0592021,-113.5143809
5961 S White Trails DR,37.0059859,-113.5552133
653 W Green Mountain DR,37.0024227,-113.5952509
2333 E Kiabito LN,,
2319 E KIABITO LN,,
2311 E Kiabito LN,,
2305 E Kiabito LN,,
3572 E 2890 S ST,37.0592021,-113.5143809
532 W Avery LN,,
3705 S Sapporo PL,,
3057 E 2170 S ST,37.0713662,-113.5146129
644 W Canyon Pine DR,,
Black Mtn Drive and Desert Color Pkwy,,
2326 East Pasture DR,37.0483397,-113.5363258
2687 E 3580 S,,
820 N 1800 E ST,,
145 N MALL DR #90,,
3701 S Sapporo PL,,
3697 S Sapporo PL,,
3693 S Sapporo PL,,
"1495 S River Road, Unit 2",,
4162 E El Capitan WAY,,
446 ROLLING HILLS DR,37.06918,-113.593377
4154 E El Capitan WAY,,
526 W AVERY LN,,
930 E Brigham Rd,37.0520011,-113.5613888
3698 S Brisbane CT,,
3694 S Brisbane CT,,
3690 S Brisbane CT,,
3686 S Brisbane CT,,
6002 S White Mountain DR,,
2894 Auburn DR,37.0452735,-113.5246931
4647 Petroglyph DR,37.1887319,-113.6294944
1431 E Basswood CIR,,
1332 S DIXIE DR,37.1021541,-113.6233529
2288 East 3480 South,37.0490376,-113.5370052
6002 S White Mountain Dr.,,
6002 S. White Mountain Dr.,,
1097 Shadow Point DR,37.1065266,-113.6119019
2255 E 2480 S,37.0663764,-113.5383805
4023 S 2420 E ST,37.0397856,-113.5349202
63 S 300 E,37.091016,-113.577076
1515 E Mountain TRL,37.0069378,-113.5424892
266 N 2650 E ST,37.0431686,-113.5296928
2690 E 175 N ST,37.1113706,-113.5285899
2678 E 175 N ST,37.1113692,-113.5286869
622 S Cecita WAY,37.0998703,-113.6453866
TBD Desert Color Parkway,,
614 S Cecita WAY,37.0998703,-113.6453866
606 S Cecita WAY,37.0998703,-113.6453866
3232 E 170 N ST,37.1113124,-113.5195884
3246 S Nashua RD,,
1935 W PIKES CIR,37.0967217,-113.6244367
3376 S Tallow Tree DR,,
1630 East 2450 South #205,37.0662744,-113.5561561
269 W 300 S,37.1031079,-113.5907205
1659 E Boulder Springs RD,,
2274 E Stone Crest WY,,
6227 S Matrix CIR,,
2781 W SILVER CHOLLA LN,,
2779 - 2787  W SILVER CHOLLA LN,,
"567 S Valley View Dr, Suite 14",,
2779 W SILVER CHOLLA LN,,
2785 W SILVER CHOLLA LN,,
4920 N Basalt DR,,
2787 W SILVER CHOLLA LN,,
4462 S Factory DR,,
3263 E Clara LN,,
1611 S Sandatlas DR,37.0798385,-113.5326763
3693 Sapporo PL,,
3681 S Mulberry DR,37.0465964,-113.6023607
3136 S Swaps DR,,
3384 E Seegmiller DR,37.0613521,-113.5176271
1490 E White Hollow CIR,,
1714 E Ridgeline CIR,,
685 S Dinapoli LN,,
6105 S Bunda WAY,37.0050103,-113.5003086
2527 E 1190 S CIR,37.08789,-113.5317641
120 E Crosby Way,37.0756795,-113.5797744
1587 W Approach LN,,
682 S Alcantara LN,,
1866 W 10 N,37.1082819,-113.6229235
147 S Jaycee DR,37.1055728,-113.6141365
1767 E Ridgeline CIR,37.0939163,-113.5475656
493 W Avery LN,,
515 W Avery LN,,
3418 E Ezra DR,,
1524 W Belayer DR,37.0700945,-113.6181236
2676 E Moorland DR,,
1543 S River RD UNIT 6,,
2616 E 1170 S,37.0881947,-113.5284021
740 W Man O War RD,37.0520873,-113.6026143
625 S SAVIO DR,,
1572 Boulder Springs DR,37.0799726,-113.5499468
537 N 2070 E CIR,37.1176418,-113.5396647
1622 E Dihedral DR,37.0749561,-113.5504186
2832 E 1400 S ST,37.0848009,-113.525483
2158 West Rivers Edge Lane,37.1080192,-113.6293177
120 S 1790 W CIR,37.1062576,-113.621736
16 N Donlee DR,37.1118739,-113.5972434
1050 E Brigham Rd 20,37.0553673,-113.5671047
2914 E Rowan LN,,
3188 E Flowers WAY,,
990 S 550 E,37.0903485,-113.5718592
2952 E 3460 S,,
271 North Country Lane,37.1109845,-113.6293631
1900 East Red Hills Parkway,37.1250557,-113.5319339
473 N 2300 W CIR,37.1165627,-113.6323335
2766 S 120 E,37.0632696,-113.5817494
2782 W Vico WAY,37.1011051,-113.6425675
1751 W 70 S CIR,37.1068722,-113.6208831
4063 E EL CAPITAN WAY,,
6176 S Pinyon DR,37.0016365,-113.5983959
6162 S Pinyon DR,,
2128 Cobalt Dr,37.0787833,-113.5362629
1963 E MOUNTAIN TRL,37.0069378,-113.5424892
1609 W Traverse Drive,,
42 S River Road,37.0338106,-113.56128
4196 S Airport PKWY Hangar 1D,,
3451 E Ashbury DR,,
783 South Mincio CIR,,
2724 E ROWAN LN,,
96 S 200 E,37.0988435,-113.5791351
554 W Cedar Hill DR,,
1017 W DOONBEG DR,,
1444 Venture DR,37.0309074,-113.5588192
5505 N JOHNSON ARCH DR,37.20259,-113.6151869
2874 W INDIAN PEAKS CIR,,
801 S Bluff ST STE A50,,
6051 S Silver Birch LN BLDG 7,,
2826 E ROWAN LN,,
1854 W STONEBRIDGE DR #2,,
471 S 500 E,37.0996389,-113.5607098
4214 S Cantamar Drive,,
1486 W 360 N ST,37.1148422,-113.6177208
2018 E Westcliff DR,37.0571777,-113.5424866
2421 East Lake DR,37.0851158,-113.5344399
926 E Summit Ridge DR,37.0689798,-113.5630916
1550 W 330 N,37.1142328,-113.6165465
1580 E Gateway DR,,
Painted Ridge Parkway at Sage Haven,,
2666 W Venice LN,,
3083 E Crimson Meadows DR,,
1987 S 2660 E ST,,
1370 E HONEYCOMB CT,,
2217 E 350 N,37.1144016,-113.5361648
376 East 300 South #2,,
2313 E 390 N,37.1152188,-113.5343087
250 S Donlee Drive #12,,
259 Five Sisters CIR,37.1034111,-113.5453424
1378 E Hayrocks DR,37.0065326,-113.5535288
2293 Panorama PKWY,37.1215084,-113.5349161
3543 E 2890 S ST,37.0592021,-113.5143809
1566 W 330 N,37.1142302,-113.6168869
2622 S 3070 E,,
TBD Airport Parkway,,
55 S 200 E ST 503,37.1052072,-113.5335659
2990 E Riverside Drive #21,,
4149 E EL CAPITAN WAY,,
2863 S Alpine LN,,
2766 W SILVER CHOLLA LN,,
2762 W SILVER CHOLLA LN,,
549 W CANYON PINE DR,,
1331 N Dixie Downs RD 109,37.1411803,-113.6222159
4844 S Horizon View DR,,
42 N Paradise WAY,37.1085181,-113.5252327
2178 S CARABINER WAY,37.0706344,-113.6208048
"1572 South Dixie Drive , Unit 103",37.0996051,-113.6211982
Emerald Point Drive,37.003961,-113.5967757
1860 W Sunset Blvd,,
328 N 2830 E ST,,
3262 E 3100 S St,,
1770 Red Cliffs DR 1182,,
691E St George BLVD #2,,
508 E 300 S St,,
341 S River RD,,
1333 S Auto Mall DR,,
1604 W Belayer DR,,
3063 E HINCKLEY LN,,
5706 S WEEHAWKEN LN,,
5710 S WEEHAWKEN LN,,
5718 S WEEHAWKEN LN,,
5722 S WEEHAWKEN LN,,
2523 S River RD UNIT 3,,
1061 - 1081 W ALBERTINE LN,,
1917 W PIKES CIR,,
Webb Hill,,
1522 S Cliff Point CIR,37.082009,-113.5432927
2429 Crimson Cliffs Way,37.0706203,-113.5062501
1696 W BELAYER DR,37.0700945,-113.6181236
Moorland Park #46,,
2853 E Sunrider LN,,
1854 W Stonebridge Drive UNIT 12,,
2736 E Cliff Shadow DR,37.0419011,-113.5259862
412 N 2860 E ST,37.115405,-113.5249734
1453  E Basswood CIR,,
2368 E Capone LN,,
2331 W ENTRADA TRL # 95,37.1551014,-113.6380335
2360 E Capone LN,,
655 S 1100 E ST,,
1463 E White Desert DR,37.0057288,-113.5537872
3544 E 2890 S ST,37.0592021,-113.5143809
1525 S River RD UNIT 2,,
3780 E Desert Canyons PKWY,37.0110009,-113.5155789
523 W OLIVE LN,,
4177 E EL CAPITAN WAY,,
525 W OLIVE LN,,
1664 S PERLITE DR,37.080455,-113.5209666
438 Liri Trail ST,,
661 Bear Claw DR,37.0471875,-113.5695219
3052 N Snow Canyon Pkwy #216,,
490 W 500 N ST,37.0782415,-113.5939178
576 N BLUFF ST,37.0844071,-113.5834085
1526 W Stonebridge DR,,
436 N Lost Creek CIR,,
3123 S 1420 E ST,37.0548967,-113.553195
2023 N. LAVA ROCK CIR,,
835 W Crystal Cir,,
2316 E Panorama Pkwy,,
3174 S Walnut Canyon DR,,
4163 E Elrond LN,,
4161 E Elrond LN,,
1444 E Venture DR,37.0309074,-113.5588192
1333 Auto Mall Dr,37.0863046,-113.5850819
2377 E 3910 S,37.0418667,-113.5352332
1564 E 3950 S ST,37.0412418,-113.5526545
382 S 200 W,37.112133,-113.5875522
603 W Belmont Dr,37.0468981,-113.5942861
558 E Riverside DR UNIT 104,,
658 S Molveno TRL,,
4165 E Elrond LN,,
1097 W Black Mountain DR,,
"980 SOUTH 2910 EAST ST. GEORGE, UT 84790",37.0468052,-113.5242069
591 S CECITA WAY,37.0998703,-113.6453866
3045 W BOLSENA TRL,,
1537 S River RD UNIT 1,,
2910 E YAVIN WAY,37.0024404,-113.5228654
531 W EMERALD POINT DR,,
607 S CECITA WAY,37.0998703,-113.6453866
601 S CECITA WAY,37.0998703,-113.6453866
3236 S 2150 E,37.0506225,-113.539832
43 E 400 S,37.1013368,-113.5898553
1447 E WHITE DESERT DR,37.0057288,-113.5537872
1173 Autumn Ash LN,37.0119152,-113.6089872
2826 S Calle Las Casitas,,
1455 E WHITE DESERT DR,37.0057288,-113.5537872
2293 N COHONINA TRAIL,,
1392 E HAYROCKS DR,37.0065326,-113.5535288
3096 W CINGOLI CT,,
2531 E 1240 S Cir,37.086988,-113.5320007
2941 E ALDERANN ST,37.0012546,-113.5249601
4109 E EL CAPITAN WAY,37.0053334,-113.4971781
6246 S BESPIN LN,,
2914 E ALDERANN ST,37.0012546,-113.5249601
2550 S 3430 E,37.0760696,-113.51317
645 W GREEN MOUNTAIN DR,37.0024227,-113.5952509
4526 Cold River DR,37.0302471,-113.6187173
3453 S Iris CIR,37.0495192,-113.523905
1610 West 100 North #UNIT 35,,
2896 E 3150 S,,
3320 E Seegmiller DR,37.0616974,-113.527932
6312 S GREEN DIAMOND CV,,
3569 S TURIN LN,,
1543 S River RD Unit 5,,
3316 E ASHBURY DR,,
3781 South River RD,,
434 N Park ST,37.1154411,-113.5563012
1566 Fire Pit Knoll DR,,
3583 E 2890 S ST,37.0592021,-113.5143809
1618 E Howard LN,37.0896509,-113.547513
823 W Savoy LN,,
1267 W POCKET MESA DR,37.1911331,-113.6135631
1821 E Brisa CT,37.0662432,-113.5450814
2261 Hawkins CIR,37.0700261,-113.5634384
4093 E EL CAPITAN WAY,,
4101 E EL CAPITAN WAY,37.0053334,-113.4971781
881 W PEBBLE RIDGE CV,,
875 W PEBBLE RIDGE CV,,
873 W PEBBLE RIDGE CV,,
852 W BRIGHT RIDGE CV,,
858 W BRIGHT RIDGE CV,,
860 W BRIGHT RIDGE CV,,
864 W BRIGHT RIDGE CV,,
865 W BRIGHT RIDGE CV,,
877 W PEBBLE RIDGE CV,,
851 W BRIGHT RIDGE CV,,
853 W BRIGHT RIDGE CV,,
859 W BRIGHT RIDGE CV,,
3675 S 2870 E,,
2595 E Flint ST,37.0792472,-113.5298973
1314 E ST JAMES LN,37.0797587,-113.5620619
1519 North 1500 W,37.1336323,-113.6157643
5102 N. EVENING STAR DR.,37.1977566,-113.6287631
2336 W ENTRADA TRAIL #42,37.1576366,-113.6300319
2784 E GNIESS DR,,
6204 S ROSALIND DR,,
1314 Saint James LN,,
1930 W Sunset Blvd. STE 300,,
3821 Sugar Leo DR,,
6069 S River RD UNIT D2,,
801 S Bluff ST STE A20,,
840 N Twin Lakes DR UNIT 109,,
5055 S Desert Color PKWY,37.0146504,-113.5945056
2654 W COLUMBO LN,37.1006839,-113.6406041
2800 South River Road,,
3379 E CLARA LN,,
335 S LUCE DEL SOL DR  UNIT 7,,
835 E Lizzie LN,37.0808292,-113.5611174
6307 S MALACHITE CV,,
518 W AVERY LN,,
2009 E HONEYCOMB DR,,
1732 W 540 N #125,,
550 W Diagonal Street #UNIT 8,,
1055 E 900 S UNIT 51,,
1772 E Howard LN,37.0899229,-113.5460919
River Road (north of Sunroc),,
545 S Valley View DR #54,37.1082932,-113.6119186
1582 W Morane Manor Drive,37.0220604,-113.6167073
2557 S River RD UNIT 4,,
1679 Sunset Boulevard,37.1228727,-113.6195753
1218 W DOONBEG CT,,
810 W Las Colinas DR,37.0399626,-113.6037091
890 W LEDGES PKWY,37.1986554,-113.6194604
5709 S WEEHAWKEN LN,,
2616 E 1170 S ST,37.0881947,-113.5284021
6055 S RIVER ROAD E1,,
415 N 2750 E ST,,
514 W Olive LN,,
3685 S BRISBANE CT,,
3689 S BRISBANE CT,,
3693 S BRISBANE CT,,
3697 S BRISBANE CT,,
5703 S WEEHAWKEN LN,,
5715 S WEEHAWKEN LN,,
1380 e medical center drive,37.0997445,-113.5501652
3564 S TURIN LN,37.0473679,-113.5816648
3873 S 2510 E,37.0423659,-113.5324557
5719 S WEEHAWKEN LN,,
2549 W Sinagua TRL UNIT 28,37.1568087,-113.6397817
1756 West Grand View DR,37.094477,-113.620886
90 S 300 E ST #3,,
3415 E Seegmiller DR,37.0613521,-113.5176271
1950 W 470 N ST,37.0973795,-113.624803
222 Count Fleet RD,37.0567685,-113.5889851
5263 S BLUE PEARL ALY,,
508 W Heritage DR,37.0778114,-113.5936534
272 W Sir Monte DR,37.0667243,-113.6007179
2588 E 2220 S ST,37.0704349,-113.5316658
E Desert Canyons Parkway,37.0110009,-113.5155789
598 S CECITA WAY,37.0998703,-113.6453866
1360 N Dixie Downs RD #12,37.1270542,-113.6238217
2141 N Anasazi TRL,37.1493036,-113.633296
2991 E. BANDED HILLS DRIVE,37.0459462,-113.5187786
590 S CECITA WAY,37.0998703,-113.6453866
3530 E 2890 S ST,37.0592021,-113.5143809
2935 E ROWAN LN,,
1283 W POCKET MESA DR,37.1911331,-113.6135631
1630 S PERLITE DR,37.080455,-113.5209666
6204 S BESPIN LN,,
2923 E ROWAN LN,,
1737 W Belayer DR,37.0700945,-113.6181236
2221 S Carabiner WAY,,
4171 E Elrond LN,,
1140 South 3000 East,37.0831062,-113.521382
755 N 2380 E CIR,37.121459,-113.5335288
223 W 300 S,37.1030889,-113.5790782
1331 N Dixie Downs Rd #111,37.1373588,-113.6238366
264 N 2750 E,37.112547,-113.52711
4169 E Elrond LN,,
3720 E Mesa Rock DR,37.0015819,-113.507461
3601 S INNSBRUCK LN,37.0468028,-113.5840764
3692 E Desert Resort CT,37.0117994,-113.5126064
2939 E Mall DR STE 110,,
2885 E 3580 S ST,37.0477661,-113.5249116
4173 E Elrond Ln,,
3139 E 2170 S ST,37.0713662,-113.5146129
3125 E 2170 S ST,,
3163 E 2170 S ST,37.0713662,-113.5146129
3179 E 2170 S ST,37.0713662,-113.5146129
477 North Industrial Road,37.115629,-113.5605207
1595 W Traverse DR,37.0705882,-113.616541
85 N 100 E ST,,
1792 E Mokaac Wash DR,37.0063592,-113.5484904
1954 North Artesia DR,37.1345859,-113.6153596
2750 E Moorland Dr,,
272 W Sir Monte Dr,37.0692874,-113.5894868
2779 E Ashwood LN,37.0593596,-113.5255175
1382 W Old Marsh DR,37.0328956,-113.6132939
3924 S Bentley RD,,
676 W Lava Pointe DR UNIT 48,,
TBD S Pioneer RD,,
628 Ridge View Dr  ( Pool Eqiuipment Shed),,
Riverside Drive & Judy Lane,,
5984 S JASPER RIDGE DR,37.0038041,-113.5936475
2882 W. VIVERONE CT.,,
3117 E Lavatera Dr,,
5972 S JASPER RIDGE DR,,
5980 S JASPER RIDGE DR,37.0038041,-113.5936475
6029 S River RD UNIT C2,,
5988 S JASPER RIDGE DR,37.0038041,-113.5936475
577 S River RD,37.1017898,-113.5556595
6188 S Half Dome CIR,,
3781 S River Road,,
580 S 1360 W ST,37.0987003,-113.6128424
1464 W Whitestone DR,37.0200952,-113.6144894
541 W Cedar Hill DR,37.0008812,-113.5958991
1735 W 540 N ST #806,,
1348 W Province WY,37.0786887,-113.6094771
2815 E 150 N,37.1111978,-113.5257271
840 TWIN LAKES DR UNIT 422,,
354 S 100 W ST,37.0986263,-113.5855093
446 S Mall DR UNIT B4,,
646 North 2450 East #21,37.1096351,-113.531848
1055 East 900 South #75,,
2903 E ROWAN LN,,
664 N Ridge Rim Way,37.1181173,-113.5996148
2709 E Diamond Ridge DR,,
1331 E Hayrocks DR,37.0065326,-113.5535288
1444 E White Bluff DR,,
2404 E Segovia DR,37.0505262,-113.5340529
2962 E ROWAN LN,,
3080 S Bloomington DR E UNIT 43,,
581 Belmont DR,37.0468375,-113.5960451
3109 W Cingoli Ct,,
6035 S RIVER RD,,
3576 S TURIN LN,37.0473679,-113.5816648
6293 S GREEN AGATE CV,,
2890 W Indian Peaks CIR,,
2383 E Capone LN,,
2375 E Capone LN,,
2371 E Capone LN,,
61 S Main ST,37.1147892,-113.5832452
2670 E 3330 S ST,37.0845639,-113.5291561
2017 W Rising Sun DR.,37.1978321,-113.6269852
379 Nagano DR,37.0475631,-113.5755784
2990 E Riverside Dr #217,,
3456 S 2640 E ST,37.0491437,-113.5302286
2923 E 3460 S,,
SR-7 Highway,37.0104786,-113.6164696
1404 W Bloomington DR,37.0542261,-113.6132488
5460 Johnson Arch Drive,37.20259,-113.6151869
225 North Valley View Drive #49,37.1098907,-113.6118841
613 S Savio DR,,
2893 E YAVIN WAY,37.0024404,-113.5228654
2918 E NABOO LN,37.0019751,-113.5233758
4595 South Siesta Drive,,
2409 W Chardonnay Lane,,
2911 E ROWAN LN,,
874 W Bronze Plateau DR,37.0127422,-113.6020184
1695 W BELAYER DR,37.0700945,-113.6181236
2881 E YAVIN WAY,37.0024404,-113.5228654
3108 W Cingoli CT,,
1216 W Ledgerwood DR,37.0249626,-113.6093822
1369 Sunland DR,37.0851242,-113.5809331
3460 E 2890 S ST,37.0592021,-113.5143809
2991 E Banded Hills DR,37.0459462,-113.5187786
1735 W 540 N 1206,37.1168338,-113.6201688
545 S Valley View DR 43,,
1971 E 2710 S CIR,37.0623909,-113.5431031
2765 East Mall Drive,,
722 S ALCANTARA CIR,,
1362 E HONEYCOMB CT,,
2252 S Rock Park DR,37.0701995,-113.6152214
1055 E 900 S Unit 103,,
649 W CANYON PINE DR,,
612 W CEDAR HILL DR,37.0008812,-113.5958991
1636 W Chandler DR,37.068328,-113.617871
2344 E CAPONE LN,,
2352 E CAPONE LN,,
991 N RED ROCK RD,37.1226926,-113.5578388
999 E Red Hills PKWY BLDG C,,
999 E Red Hills PKWY BLDG B,,
2895 S Bloomington Dr E,,
6184 S KELLY LN,,
999 East Red Hills PKWY,37.112319,-113.562282
TBD Somera Drive,,
1066 S 660 E ST,37.0897496,-113.569545
3386 E Rimrunner DR,37.0003246,-113.5136407
572 S Cecita WY,37.0998703,-113.6453866
566 S Cecita WY,37.0998703,-113.6453866
2903 E Rimrunner DR,37.0011828,-113.5106866
2775 W SILVER CHOLLA LN,,
535 N 1300 E ST,,
AIRPORT PARKWAY @ SOUTHERN PARKWAY,,
1630 S Auto Mall DR,37.0805897,-113.585041
3299 E Clara LN,,
6178 S KELLY LN,,
3107 E Banded Hills DR,37.0459462,-113.5187786
Coyote Springs Drive,37.0622041,-113.5387624
"1630 S Auto Mall Drive, St. George UT 84770",37.0849027,-113.5847796
2758 W Lugano WAY,,
5088 S Desert Color PKWY APT C101,,
1140 E Fort Pierce DR #21,37.0744002,-113.5556209
787 N 1700 E,,
6012 S WHITE TRAILS DR,37.0059859,-113.5552133
1414 E WHITE BLUFF DR,,
1289 W POCKET MESA DR,37.1911331,-113.6135631
2888 W Lesina Heights DR,,
2715 E MOORLAND DR,,
1757 N Artesia DR,37.1345859,-113.6153596
2158 CRIMSON RIDGE DR,37.049759,-113.5390025
6172 S KELLY LN,,
3418 E Clara LN,,
2549 W SINAGUA TRL UNIT 31,37.1568087,-113.6397817
4001 E Aviator DR,,
899 N Grand Heights DR,,
2975 Alder CIR,37.0594647,-113.5550646
2019 W Monterey DR,37.1098714,-113.626733
558 S Cecita WAY,37.0998703,-113.6453866
332 S 100 W ST,37.1039634,-113.5854562
578 S Cecita WAY,37.0998703,-113.6453866
560 Diagonal St #4,,
412 S Liri Trail,,
639 W GREEN MOUNTAIN DR,37.0024227,-113.5952509
3032 E 2080 S ST,,
1284 Canyon Tree DR,37.194122,-113.6151012
244 S 200 E,37.0988435,-113.5791351
3344 S Bloomington DR,,
3743 S Mulberry DR,,
3167 E SUMMIT VIEW LN,,
404 n Lost Creek Circle,,
4196 S Airport PKWY UNIT 58C,,
1165 W Silicon Circle,37.0830052,-113.6073462
6185 S Tracer CT,,
5318 S CORAL PEARL ALY,,
5334 S CORAL PEARL ALY,,
458 N 100 West,37.1098071,-113.5925641
2641 E 3330 S,,
1303 West Bloomington Drive North,,
533 S. Main ST,37.1147892,-113.5832452
5322 S CORAL PEARL ALY,,
5326 S CORAL PEARL ALY,,
5314 S CORAL PEARL ALY,,
5330 S CORAL PEARL ALY,,
5310 S CORAL PEARL ALY,,
5310 S Coral Pearl ALY,,
496 S Appian WAY,37.1004776,-113.6468464
999 East Red Hills Parkway,37.112319,-113.562282
878 S 1450 E ST,37.0925456,-113.5537547
81 E DAKAR LN,37.0472698,-113.5829358
2727 E ROWAN LN,,
5273 S Blue Pearl ALY,,
655 W GREEN MOUNTAIN DR,37.0024227,-113.5952509
3241 Nashua Rd.,37.0539892,-113.5897957
345 N 2450 E #180,,
1331 North Dixie Downs Road #163,37.1312677,-113.6239185
2772 S Emily LN,,
5095 S Desert Color PKWY UNIT M103,,
805 South Dixie Drive #UNIT 38,,
4177 E Elrond LN,,
4175 E Elrond LN,,
3555 E Bristlecone WAY,,
65 E DAKAR LN,37.0472698,-113.5829358
3000 E/ Horseman Park dr,37.0550244,-113.5316504
Little Valley Road / 2450 South,,
1380 E WHITE BLUFF DR,,
587 S CECITA WAY,37.0998703,-113.6453866
3561 S TURIN LN,37.0473679,-113.5816648
1812 W Sunset Blvd unit 3,,
82 E DAKAR LN,37.0472698,-113.5829358
2938 E ROWAN LN,,
595 Rainer DR,,
3042 E 2170 S ST,37.0713662,-113.5146129
9 South Acantilado Drive,37.1080673,-113.5467733
3063 E Blue Heron Drive,,
5820 S Hamilton Dr,,
5828 S Cobra LN,,
4246 E Carrera Way,,
4245 E Carrera Way,,
968 Grand Teton LN,37.1232747,-113.5515318
5799 S Lansky Dr,,
920 N Red Rock RD,,
4343 S Pioneer RD,,
1557 S River RD,37.1017898,-113.5556595
3516 E 2890 S ST,37.0592021,-113.5143809
1449 E HONEYCOMB DR,37.0036993,-113.5463927
3513 E Ashbury DR,,
483 Pimlico DR,37.04799,-113.5933386
184 North 200 West,37.1112921,-113.5874265
2871 E Sunrider LN,,
2875 E Sunrider LN,,
6051 S Silver Birch LN BLDG 6,,
1807 N Artesia DR,37.1345859,-113.6153596
1929 N 2320 W,,
